,high,buzz,buzzed,sky,cloud,clouds,stoned,ripped,tipsy,wasted,baked,bombed,dope,doped,drugged,flying,fried,inebriated,loaded,plastered,sloshed,smashed,stewed,tanked,totaled,trip,tripping,coked,euphoric,sleep,pop,popping,popped,happy,sad,angry,frustrated,frustrate,frustrates,frustrating,annoy,annoyed,annoying,annoys,vex,irritate,irritates,irritating,irritated,acceptance,admiration,adoration,affection,afraid,aggravation,aggressive,agitation,agony,agreeable,alarm,alienation,amazement,amusement,anger,anguish,annoyance,anticipation,anxiety,apprehension,assertive,assured,astonishment,attachment,attraction,awe,beleaguered,bewitched,bitterness,bliss,blue,boredom,calculating,calm,capricious,caring,cautious,charmed,cheerful,closeness,compassion,complacent,compliant,composed,conceited,concerned,contempt,content,contentment,crabby,crazed,crazy,cross,cruel,defeated,defiance,delighted,dependence,depressed,desire,disappointment,disapproval,discontent,disenchanted,disgust,disillusioned,dislike,dismay,displeasure,dissatisfied,distraction,distress,disturbed,dread,eager,earnest,easy-going,ecstasy,ecstatic,elation,embarrassment,emotion,emotional,enamored,enchanted,enjoyment,enraged,enraptured,enthralled,enthusiasm,envious,envy,equanimity,euphoria,exasperation,excited,exhausted,extroverted,exuberant,fascinated,fatalistic,fear,fearful,ferocity,flummoxed,flustered,fondness,fright,frightened,frustration,furious,fury,generous,glad,gloating,gloomy,glum,greedy,grief,grim,grouchy,grumpy,guilt,happiness,harried,homesick,hopeless,horror,hostility,humiliation,hurt,hysteria,infatuated,insecurity,insulted,interested,introverted,irritation,isolation,jaded,jealous,jittery,jolliness,jolly,joviality,joy,jubilation,keen,kind,kindhearted,kindly,laid back,lazy,like,liking,loathing,loneliness,lonely,longing,love,lulled,lust,mad,merry,misery,modesty,mortification,naughty,neediness,neglected,nervous,nirvana,open,optimism,ornery,outgoing,outrage,panic,passion,passive,peaceful,pensive,pessimism,pity,placid,pleased,pride,proud,pushy,quarrelsome,queasy,querulous,quick-witted,quiet,quirky,rage,rapture,rejection,relief,relieved,remorse,repentance,resentment,resigned,revulsion,roused,sadness,sarcastic,sardonic,satisfaction,scared,scorn,self-assured,self-congratulatory,self-satisfied,sentimentality,serenity,shame,shock,smug,sorrow,sorry,spellbound,spite,stingy,stoical,stressed,subdued,submission,suffering,surprise,sympathy,tenderness,tense,terror,threatening,thrill,timidity,torment,tranquil,triumphant,trust,uncomfortable,unhappiness,unhappy,upset,vain,vanity,venal,vengeful,vexed,vigilance,vivacious,wary,watchfulness,weariness,weary,woe,wonder,worried,wrathful,zeal,zest,Time,Death
0,0.000317511,0,2.44E-05,3.66E-05,1.22E-05,2.44E-05,2.44E-05,1.22E-05,1.22E-05,2.44E-05,2.44E-05,1.22E-05,4.88E-05,0,0,3.66E-05,7.33E-05,0,0,0,0,1.22E-05,0,0,0,0.000134331,3.66E-05,0,0,0.000573962,0.000158755,2.44E-05,1.22E-05,2.45E-08,2.68E-09,0,0,0,0,0,1.22E-05,2.44E-05,7.33E-05,0,0,0,1.22E-05,1.22E-05,2.44E-05,0,0,0,0,4.88E-05,0,1.22E-05,0,0,0,3.66E-05,0,0,0,1.22E-05,0,0,0,3.66E-05,0,0,0,0,0,0,2.44E-05,0,0,0,0,0.000134331,0,0,4.88E-05,0,1.22E-05,0,0,0,0,0,0,0,0,0,1.22E-05,0,3.66E-05,0,0,0,0.000305299,2.44E-05,1.22E-05,0,0,0,0,1.22E-05,0,1.22E-05,0,0,0,0,0,1.22E-05,0,0,0,0,0,1.22E-05,0,0,0,0,0,0,0,0,2.44E-05,6.11E-05,0,0,0,0,0,0,0,0,0,0,0,0,0.000183179,0,0,0,0,0,7.33E-05,0,0,0,0,0,0,0,0,2.44E-05,0,2.44E-05,0.000256451,0,0,0,1.22E-05,0,0,0,0,0,4.88E-05,0,0,0,4.88E-05,0,0,0.000195391,0,0,0,0,0.000146543,0,0,0,0,4.88E-05,0,0,1.22E-05,0,4.88E-05,0,0,0.000219815,0,0,0,0,0.004579481,0,0,1.22E-05,2.44E-05,0,0.003455982,0,1.22E-05,0.000293087,4.88E-05,1.22E-05,0,0,1.22E-05,0,0,2.44E-05,1.22E-05,0.000244239,1.22E-05,0,0,2.44E-05,0,1.22E-05,0,2.44E-05,0,0,0,0,0,1.22E-05,0.000158755,0,0,0,0,0,1.22E-05,0,0,0,0,2.44E-05,0,0,0,1.22E-05,0,0,0,0,0,0,0,8.55E-05,0,0,0,0,0,0,1.22E-05,0,0,0,0.000341935,0,0,1.22E-05,0,1.22E-05,0,0,0,3.66E-05,0,0,0,0,0,0,0,0,0,0,0.000183179,2.44E-05,0,1.22E-05,0,0,2.44E-05,0,0,0,0,0,0,0,0,0,0,0.000146543,4.88E-05,0,0,0,2015-11,52386
1,0.000540355,1.23E-05,0,3.68E-05,1.23E-05,2.46E-05,1.23E-05,6.14E-05,1.23E-05,1.23E-05,3.68E-05,0,7.37E-05,0,1.23E-05,1.23E-05,3.68E-05,0,2.46E-05,0,0,0,0,0,0,0.000171931,2.46E-05,0,0,0.000675443,3.68E-05,0,1.23E-05,1.87E-08,2.71E-09,0,1.23E-05,1.23E-05,1.23E-05,0,0,6.14E-05,0.00015965,0,0,0,0,0,1.23E-05,0,0,0,0,3.68E-05,0,2.46E-05,0,1.23E-05,0,1.23E-05,0,0,0,4.91E-05,0,0,1.23E-05,1.23E-05,0,0,0,0,0,0,1.23E-05,0,0,0,1.23E-05,4.91E-05,0,0,3.68E-05,0,3.68E-05,0,0,0,0,1.23E-05,0,0,0,0,3.68E-05,0,3.68E-05,1.23E-05,0,0,0.000270177,6.14E-05,0,0,0,0,0,3.68E-05,1.23E-05,1.23E-05,0,0,0,1.23E-05,0,1.23E-05,0,0,0,0,0,0,0,0,0,0,0,0,1.23E-05,0,2.46E-05,3.68E-05,0,0,1.23E-05,0,0,0,0,0,1.23E-05,0,0,0,0.000343862,4.91E-05,0,0,0,0,6.14E-05,1.23E-05,0,0,0,0,0,0,1.23E-05,0,0,1.23E-05,0.000221054,0,0,0,0,0,0,0,0,1.23E-05,4.91E-05,0,0,0,2.46E-05,0,0,0.000147369,0,0,0,0,0.000147369,0,0,0,0,4.91E-05,0,0,2.46E-05,0,2.46E-05,0,0,0.000184212,0,0,0,6.14E-05,0.004863192,1.23E-05,1.23E-05,0,3.68E-05,0,0.003168443,0,2.46E-05,0.000380704,0.00030702,0,0,0,0,0,1.23E-05,6.14E-05,1.23E-05,0.000257897,0,0,0,0,2.46E-05,2.46E-05,2.46E-05,3.68E-05,0,0,0,0,1.23E-05,2.46E-05,9.82E-05,0,0,0,0,0,2.46E-05,0,1.23E-05,0,0,0,1.23E-05,0,1.23E-05,0,0,0,0,0,0,0,0,0.000122808,0,0,0,0,0,0,3.68E-05,1.23E-05,0,0,0.000356143,0,0,0,0,6.14E-05,0,0,0,4.91E-05,0,0,0,1.23E-05,0,0,0,0,0,0,9.82E-05,3.68E-05,0,0,0.000110527,0,0,0,0,0,0,0,0,0,0,0,0,0.000147369,7.37E-05,0,0,0,2015-12,52623
2,0.000380303,1.23E-05,0,7.36E-05,2.45E-05,2.45E-05,0,1.23E-05,0,1.23E-05,0,0,9.81E-05,0,0,2.45E-05,6.13E-05,0,1.23E-05,0,0,1.23E-05,0,0,0,0.00017175,3.68E-05,0,0,0.000662463,3.68E-05,0,2.45E-05,1.70E-08,2.26E-09,4.51E-10,2.45E-05,0,0,1.23E-05,2.45E-05,8.59E-05,0.000147214,0,0,0,0,1.23E-05,3.68E-05,1.23E-05,0,0,2.45E-05,3.68E-05,0,0,0,0,0,2.45E-05,0,0,1.23E-05,1.23E-05,0,0,0,1.23E-05,0,0,0,0,0,1.23E-05,3.68E-05,0,0,0,1.23E-05,8.59E-05,0,0,3.68E-05,0,1.23E-05,1.23E-05,1.23E-05,0,0,0,0,0,0,1.23E-05,1.23E-05,0,4.91E-05,0,0,0,0.000441642,9.81E-05,3.68E-05,1.23E-05,0,0,0,1.23E-05,0,0,0,0,0,0,0,0,0,0,0,0,0,0,0,0,0,0,0,1.23E-05,0,0,0,4.91E-05,1.23E-05,2.45E-05,0,0,0,0,1.23E-05,0,0,0,0,0,0.000269892,2.45E-05,0,0,0,0,8.59E-05,0,0,0,0,0,0,0,0,0,0,0,0.000257624,0,0,0,0,3.68E-05,1.23E-05,0,0,0,8.59E-05,0,0,1.23E-05,1.23E-05,1.23E-05,0,0.000257624,0,0,0,0,0.000196285,0,0,0,0,7.36E-05,0,0,1.23E-05,0,2.45E-05,0,0,0.00017175,0,0,0,6.13E-05,0.004588169,2.45E-05,0,0,6.13E-05,0,0.003361386,0,0,0.000404838,1.23E-05,1.23E-05,0,0,0,0,0,1.23E-05,1.23E-05,0.000147214,0,0,0,0,2.45E-05,0,1.23E-05,1.23E-05,0,0,0,0,0,2.45E-05,0.000147214,0,0,0,0,0,4.91E-05,0,1.23E-05,0,0,0,1.23E-05,0,0,0,0,0,0,0,1.23E-05,0,0,8.59E-05,0,0,0,0,0,1.23E-05,6.13E-05,0,0,0,0.000245357,0,0,0,0,8.59E-05,0,1.23E-05,0,4.91E-05,0,0,0,1.23E-05,0,0,0,0,0,0,0.000122678,1.23E-05,0,0,0.00011041,1.23E-05,1.23E-05,0,0,0,0,0,1.23E-05,0,0,0,0,0.000196285,1.23E-05,0,0,0,2016-01,52902
3,0.000431112,2.40E-05,3.59E-05,5.99E-05,2.40E-05,2.40E-05,0,2.40E-05,0,3.59E-05,1.20E-05,0,0.000155679,0,1.20E-05,1.20E-05,2.40E-05,0,1.20E-05,0,0,0,0,0,0,0.00017963,1.20E-05,0,0,0.000598767,4.79E-05,1.20E-05,0,1.48E-08,3.30E-09,5.74E-10,2.40E-05,0,0,1.20E-05,0,3.59E-05,0.000107778,0,0,0,2.40E-05,1.20E-05,1.20E-05,0,0,0,0,3.59E-05,1.20E-05,0,0,1.20E-05,0,2.40E-05,0,0,1.20E-05,3.59E-05,0,0,0,3.59E-05,0,0,0,0,1.20E-05,0,0,0,0,0,1.20E-05,0.000107778,0,0,4.79E-05,0,1.20E-05,0,0,0,0,0,0,0,0,0,2.40E-05,1.20E-05,3.59E-05,0,1.20E-05,0,0.000299383,7.19E-05,1.20E-05,2.40E-05,0,0,0,2.40E-05,1.20E-05,0,0,0,0,0,0,3.59E-05,0,0,0,1.20E-05,0,1.20E-05,1.20E-05,0,0,0,0,0,0,0,1.20E-05,1.20E-05,0,1.20E-05,0,0,1.20E-05,0,1.20E-05,0,2.40E-05,0,0,0,0.000191605,1.20E-05,0,0,0,0,9.58E-05,0,0,0,0,0,0,0,1.20E-05,0,0,0,0.000239507,0,0,1.20E-05,0,0,0,0,0,0,7.19E-05,0,0,0,1.20E-05,0,0,0.000191605,0,0,0,0,0.000119753,0,0,0,0,3.59E-05,0,0,0,0,2.40E-05,0,0,0.000143704,0,0,0,0,0.004574576,1.20E-05,0,0,3.59E-05,0,0.003125561,0,0,0.000287408,0,1.20E-05,0,0,2.40E-05,0,0,2.40E-05,0,0.000167655,0,0,1.20E-05,1.20E-05,0,0,0,2.40E-05,0,0,1.20E-05,0,0,4.79E-05,0.000143704,0,0,0,0,0,3.59E-05,0,2.40E-05,0,1.20E-05,1.20E-05,1.20E-05,0,0,0,0,0,0,0,1.20E-05,0,0,0.000107778,0,0,0,0,0,1.20E-05,2.40E-05,1.20E-05,0,0,0.000239507,0,0,0,0,4.79E-05,0,0,0,4.79E-05,0,0,0,0,1.20E-05,0,0,0,0,0,0.00017963,3.59E-05,0,0,8.38E-05,1.20E-05,0,0,0,0,0,0,0,0,0,0,0,0.000143704,4.79E-05,0,0,0,2016-02,53834
4,0.000454455,2.33E-05,0,3.50E-05,1.17E-05,3.50E-05,0,1.17E-05,1.17E-05,3.50E-05,1.17E-05,1.17E-05,8.16E-05,0,0,4.66E-05,2.33E-05,0,0,0,0,0,0,0,0,0.000163138,3.50E-05,0,0,0.000605941,9.32E-05,1.17E-05,1.17E-05,1.71E-08,3.26E-09,5.43E-10,1.17E-05,0,1.17E-05,2.33E-05,0,3.50E-05,0.000116527,0,0,0,0,1.17E-05,3.50E-05,1.17E-05,0,0,0,5.83E-05,0,1.17E-05,0,1.17E-05,0,0,0,0,0,0,1.17E-05,0,0,1.17E-05,0,0,0,0,0,1.17E-05,0,0,0,0,0,0.000163138,0,0,2.33E-05,0,3.50E-05,0,0,0,0,2.33E-05,0,0,0,0,3.50E-05,0,4.66E-05,0,1.17E-05,0,0.000268012,3.50E-05,1.17E-05,1.17E-05,0,0,0,2.33E-05,0,0,0,0,0,0,0,0,0,0,0,1.17E-05,0,0,0,0,0,0,0,0,0,0,1.17E-05,6.99E-05,0,0,1.17E-05,0,0,0,0,0,1.17E-05,0,1.17E-05,0,0.000337928,3.50E-05,0,1.17E-05,0,0,5.83E-05,0,0,0,0,0,0,1.17E-05,1.17E-05,1.17E-05,0,1.17E-05,0.000233054,0,0,0,0,0,0,0,0,1.17E-05,3.50E-05,0,0,0,2.33E-05,0,0,0.000174791,0,0,0,0,0.000151485,0,0,0,0,1.17E-05,0,0,0,0,2.33E-05,0,1.17E-05,0.000221401,0,0,0,2.33E-05,0.004672734,3.50E-05,0,1.17E-05,3.50E-05,0,0.002913176,0,0,0.000314623,2.33E-05,0,0,0,0,0,0,4.66E-05,0,0.000268012,0,2.33E-05,0,1.17E-05,0,1.17E-05,0,0,0,0,1.17E-05,0,1.17E-05,2.33E-05,0.000198096,0,0,0,0,0,2.33E-05,0,0,0,0,1.17E-05,0,0,0,0,1.17E-05,0,0,0,1.17E-05,0,1.17E-05,0.00012818,0,0,0,0,0,0,3.50E-05,2.33E-05,0,1.17E-05,0.000419497,0,0,0,0,3.50E-05,0,1.17E-05,1.17E-05,5.83E-05,0,0,0,0,2.33E-05,1.17E-05,0,0,0,0,0.000186443,2.33E-05,0,0,9.32E-05,0,0,0,0,0,0,0,0,0,0,0,0,0.000116527,2.33E-05,0,0,0,2016-03,54781
5,0.000442324,1.20E-05,0,3.59E-05,1.20E-05,0,1.20E-05,0,1.20E-05,1.20E-05,1.20E-05,0,8.37E-05,0,0,4.78E-05,3.59E-05,0,2.39E-05,0,0,1.20E-05,0,0,0,0.000155411,2.39E-05,0,0,0.000693374,0.000167366,2.39E-05,1.20E-05,1.51E-08,4.14E-09,1.43E-10,0,0,0,2.39E-05,0,4.78E-05,9.56E-05,0,0,0,0,2.39E-05,0,0,0,0,1.20E-05,3.59E-05,1.20E-05,0,0,0,0,1.20E-05,0,0,0,2.39E-05,0,0,0,2.39E-05,0,0,1.20E-05,0,0,0,2.39E-05,0,0,0,0,0.000107592,0,1.20E-05,4.78E-05,0,1.20E-05,0,0,0,0,1.20E-05,0,0,0,1.20E-05,1.20E-05,0,0,0,0,0,0.000370596,1.20E-05,1.20E-05,0,0,2.39E-05,0,4.78E-05,3.59E-05,0,0,0,0,0,0,1.20E-05,0,0,0,0,0,0,0,0,0,0,0,0,0,0,1.20E-05,1.20E-05,0,1.20E-05,0,0,0,0,1.20E-05,0,0,0,0,0,0.000394506,3.59E-05,0,0,0,0,3.59E-05,1.20E-05,0,0,0,0,0,1.20E-05,0,1.20E-05,0,1.20E-05,0.00022714,0,1.20E-05,0,0,1.20E-05,0,0,0,0,2.39E-05,0,0,0,4.78E-05,0,0,0.00020323,0,0,0,0,0.000191275,0,0,0,0,7.17E-05,0,0,1.20E-05,0,3.59E-05,0,0,0.000155411,0,1.20E-05,0,7.17E-05,0.005104664,1.20E-05,0,0,7.17E-05,0,0.00357446,0,1.20E-05,0.000263004,0,0,0,0,0,0,0,4.78E-05,1.20E-05,0.000263004,0,0,0,0,2.39E-05,2.39E-05,0,0,0,0,0,0,0,1.20E-05,0.000167366,0,0,0,0,0,9.56E-05,1.20E-05,0,0,0,0,0,0,0,0,1.20E-05,0,0,1.20E-05,0,0,0,0.000131502,0,0,0,0,0,0,1.20E-05,0,0,1.20E-05,0.000322777,0,0,0,0,1.20E-05,0,0,1.20E-05,4.78E-05,0,0,0,0,0,0,0,0,0,0,0.000215185,0,0,2.39E-05,8.37E-05,0,0,0,0,0,0,0,0,0,0,0,1.20E-05,0.000167366,1.20E-05,0,0,0,2016-04,55763
6,0.000371948,2.40E-05,1.20E-05,0.000107985,1.20E-05,8.40E-05,0,1.20E-05,0,2.40E-05,0,0,0.000119983,0,1.20E-05,4.80E-05,6.00E-05,0,0,1.20E-05,0,1.20E-05,0,0,0,0.000167976,2.40E-05,0,0,0.000479933,9.60E-05,0,1.20E-05,1.79E-08,2.88E-09,8.64E-10,0,0,0,0,1.20E-05,2.40E-05,0.000155978,0,0,1.20E-05,0,1.20E-05,1.20E-05,3.60E-05,0,0,0,3.60E-05,0,2.40E-05,0,0,0,4.80E-05,0,0,0,0,0,0,0,4.80E-05,0,0,0,0,0,0,3.60E-05,0,0,0,0,0.00014398,0,0,9.60E-05,0,0,0,1.20E-05,0,1.20E-05,1.20E-05,0,0,1.20E-05,0,0,0,0,0,0,0,0.000419941,2.40E-05,0,1.20E-05,0,0,0,0,3.60E-05,0,0,0,0,1.20E-05,0,1.20E-05,0,0,0,1.20E-05,0,0,0,0,0,0,0,0,0,0,2.40E-05,2.40E-05,0,0,0,0,0,0,2.40E-05,0,0,0,0,0,0.00021597,0,0,0,0,0,4.80E-05,0,0,0,0,0,0,0,0,0,0,0,0.000239966,0,1.20E-05,0,0,1.20E-05,0,0,0,0,1.20E-05,0,0,0,1.20E-05,0,0,0.000155978,0,0,1.20E-05,0,0.000203971,0,0,0,0,4.80E-05,1.20E-05,0,0,0,4.80E-05,0,0,0.000179975,0,0,0,8.40E-05,0.004871318,8.40E-05,0,0,4.80E-05,0,0.002915592,0,0,0.000371948,1.20E-05,0,0,0,0,0,0,4.80E-05,0,0.000335953,0,0,0,0,3.60E-05,2.40E-05,1.20E-05,0,0,0,0,0,0,1.20E-05,0.00014398,0,0,0,0,0,2.40E-05,0,1.20E-05,0,1.20E-05,0,2.40E-05,0,0,0,0,0,0,1.20E-05,0,0,1.20E-05,9.60E-05,0,0,0,0,0,0,6.00E-05,1.20E-05,0,0,0.000371948,0,0,0,0,7.20E-05,0,0,1.20E-05,7.20E-05,1.20E-05,0,0,1.20E-05,0,0,0,0,0,0,0.000227968,3.60E-05,0,2.40E-05,0.000107985,0,0,0,0,0,0,0,0,0,0,0,0,0.00014398,7.20E-05,0,0,0,2016-05,56465
7,0.000580271,0,0,4.84E-05,2.42E-05,0.000205513,2.42E-05,2.42E-05,0,4.84E-05,0,0,8.46E-05,0,0,4.84E-05,3.63E-05,0,0,0,0,0,0,0,0,0.000193424,1.21E-05,0,0,0.000604449,7.25E-05,2.42E-05,0,1.27E-08,4.09E-09,1.46E-10,3.63E-05,0,0,0,2.42E-05,0,0.000181335,1.21E-05,0,1.21E-05,1.21E-05,0,3.63E-05,0,0,0,1.21E-05,4.84E-05,0,1.21E-05,0,0,0,1.21E-05,0,0,0,0,0,0,0,1.21E-05,0,0,0,0,0,0,0,0,0,0,1.21E-05,0.000108801,0,0,8.46E-05,0,0,1.21E-05,0,0,0,1.21E-05,0,0,0,0,3.63E-05,0,4.84E-05,0,0,0,0.000326402,2.42E-05,0,0,0,0,0,1.21E-05,1.21E-05,0,0,0,0,0,0,4.84E-05,0,0,0,1.21E-05,1.21E-05,0,1.21E-05,0,0,0,0,0,0,0,1.21E-05,2.42E-05,0,0,0,0,0,0,0,0,0,0,0,0,0.000278046,1.21E-05,0,0,0,0,4.84E-05,0,0,0,0,0,0,0,0,0,0,0,0.000157157,0,0,0,0,1.21E-05,1.21E-05,0,1.21E-05,0,4.84E-05,0,0,0,4.84E-05,0,0,0.00012089,0,0,0,0,6.04E-05,0,0,0,0,6.04E-05,0,0,1.21E-05,0,3.63E-05,0,0,0.000145068,0,0,0,4.84E-05,0.004980658,1.21E-05,0,0,3.63E-05,0,0.003312379,0,2.42E-05,0.000290135,1.21E-05,0,0,0,1.21E-05,0,0,1.21E-05,0,0.000169246,0,0,0,1.21E-05,2.42E-05,2.42E-05,0,2.42E-05,0,0,0,0,0,2.42E-05,0.000193424,0,0,0,0,0,6.04E-05,0,0,0,0,1.21E-05,0,0,0,0,0,0,0,1.21E-05,0,0,0,0.000108801,0,0,0,0,0,0,4.84E-05,1.21E-05,0,0,0.000217602,0,0,0,0,1.21E-05,1.21E-05,0,0,8.46E-05,0,0,0,4.84E-05,0,0,0,0,2.42E-05,0,0.000157157,0,0,0,7.25E-05,0,1.21E-05,0,0,0,0,0,0,0,0,0,0,0.00012089,6.04E-05,0,0,0,2016-06,57428
8,0.000294284,0,0,4.71E-05,0,3.53E-05,1.18E-05,0,0,1.18E-05,2.35E-05,0,0.000211884,1.18E-05,1.18E-05,8.24E-05,1.18E-05,0,2.35E-05,0,0,0,0,0,0,0.000270741,2.35E-05,0,0,0.000635653,7.06E-05,3.53E-05,3.53E-05,1.80E-08,4.43E-09,1.11E-09,2.35E-05,1.18E-05,1.18E-05,1.18E-05,0,4.71E-05,0.000117714,0,0,0,0,2.35E-05,2.35E-05,1.18E-05,0,0,0,4.71E-05,0,1.18E-05,0,0,0,1.18E-05,0,0,0,0,0,0,2.35E-05,1.18E-05,0,0,0,0,0,2.35E-05,1.18E-05,0,0,0,1.18E-05,0.000153028,0,0,4.71E-05,0,3.53E-05,1.18E-05,1.18E-05,0,0,0,0,0,0,0,1.18E-05,3.53E-05,3.53E-05,0,0,0,0.000411997,4.71E-05,0,0,0,0,0,0,3.53E-05,2.35E-05,0,0,0,1.18E-05,0,0,0,0,0,1.18E-05,0,0,1.18E-05,0,0,0,0,0,0,0,1.18E-05,5.89E-05,0,0,0,0,0,0,0,0,0,0,0,0,0.000223656,1.18E-05,0,0,0,0,1.18E-05,0,0,0,0,0,0,0,1.18E-05,0,0,0,0.000317827,0,0,0,0,1.18E-05,1.18E-05,0,2.35E-05,1.18E-05,4.71E-05,0,0,0,0,0,0,0.000129485,0,0,0,0,0.000235427,1.18E-05,0,0,0,9.42E-05,0,0,1.18E-05,0,7.06E-05,0,1.18E-05,0.000105942,1.18E-05,0,0,4.71E-05,0.005450137,7.06E-05,1.18E-05,1.18E-05,4.71E-05,0,0.002860439,0,0,0.000306055,0,0,0,0,0,0,0,3.53E-05,0,0.00025897,0,0,0,0,2.35E-05,0,1.18E-05,5.89E-05,0,0,0,0,0,2.35E-05,0.000164799,0,0,0,0,0,5.89E-05,1.18E-05,2.35E-05,0,0,0,1.18E-05,0,0,0,1.18E-05,0,0,1.18E-05,1.18E-05,0,1.18E-05,0.000117714,0,0,0,0,0,0,5.89E-05,0,0,0,0.00025897,0,1.18E-05,0,0,2.35E-05,0,0,0,2.35E-05,1.18E-05,0,0,2.35E-05,4.71E-05,0,0,0,0,0,9.42E-05,0,0,0,5.89E-05,1.18E-05,0,0,0,0,0,0,0,0,0,1.18E-05,1.18E-05,0.000153028,4.71E-05,0,0,0,2016-07,58525
9,0.00044304,1.17E-05,0,9.33E-05,2.33E-05,3.50E-05,0,1.17E-05,0,2.33E-05,2.33E-05,1.17E-05,4.66E-05,0,0,3.50E-05,2.33E-05,0,2.33E-05,0,0,1.17E-05,0,0,0,0.000128248,4.66E-05,0,0,0.000722855,3.50E-05,2.33E-05,0,1.48E-08,3.53E-09,2.72E-10,1.17E-05,0,0,0,0,7.00E-05,7.00E-05,0,0,0,0,0,1.17E-05,0,0,0,2.33E-05,5.83E-05,1.17E-05,2.33E-05,0,0,0,2.33E-05,0,0,0,1.17E-05,1.17E-05,0,1.17E-05,1.17E-05,0,0,1.17E-05,0,0,0,3.50E-05,0,0,0,0,0.000163225,0,0,4.66E-05,0,5.83E-05,0,0,0,0,0,0,0,0,0,2.33E-05,0,2.33E-05,0,0,0,0.000361428,4.66E-05,2.33E-05,0,0,0,0,1.17E-05,3.50E-05,1.17E-05,0,0,0,1.17E-05,0,3.50E-05,0,0,0,2.33E-05,0,2.33E-05,1.17E-05,0,0,0,1.17E-05,0,0,2.33E-05,0,3.50E-05,0,0,1.17E-05,0,0,0,2.33E-05,0,1.17E-05,0,0,0,0.000291474,4.66E-05,0,0,0,0,1.17E-05,0,0,0,0,0,0,0,1.17E-05,0,0,0,0.000186543,0,0,0,1.17E-05,0,1.17E-05,0,0,1.17E-05,5.83E-05,0,0,0,0,0,0,0.00022152,0,0,0,1.17E-05,0.000186543,0,0,0,2.33E-05,7.00E-05,0,0,0,0,0,0,0,0.000151566,0,0,0,2.33E-05,0.004931737,3.50E-05,0,0,1.17E-05,0,0.003136258,0,0,0.000279815,0,0,0,0,0,0,0,1.17E-05,0,0.000279815,1.17E-05,0,0,1.17E-05,0,0,0,1.17E-05,0,0,1.17E-05,0,0,5.83E-05,0.000256497,0,0,0,0,0,2.33E-05,0,1.17E-05,0,0,1.17E-05,0,0,0,0,0,0,0,0,1.17E-05,0,0,0.000139907,0,0,0,0,0,0,1.17E-05,1.17E-05,0,0,0.00022152,0,0,0,0,5.83E-05,0,0,2.33E-05,1.17E-05,1.17E-05,0,0,0,0,0,0,0,0,0,0.000128248,2.33E-05,0,0,7.00E-05,0,0,0,0,0,0,0,0,0,0,0,0,0.000186543,2.33E-05,0,0,0,2016-08,59417
10,0.000447094,1.15E-05,0,4.59E-05,2.29E-05,0.000103176,1.15E-05,1.15E-05,0,1.15E-05,1.15E-05,1.15E-05,8.02E-05,0,0,2.29E-05,0,0,0,0,0,0,0,0,0,0.000114639,2.29E-05,0,0,0.000527342,8.02E-05,0,1.15E-05,1.77E-08,3.15E-09,7.89E-10,0,0,0,1.15E-05,3.44E-05,6.88E-05,0.000160495,1.15E-05,1.15E-05,0,1.15E-05,0,0,1.15E-05,0,0,0,1.15E-05,0,2.29E-05,0,0,0,4.59E-05,0,0,0,1.15E-05,0,0,0,8.02E-05,0,0,0,0,0,1.15E-05,0,0,0,0,0,0.000114639,0,0,3.44E-05,0,2.29E-05,0,0,0,0,0,0,0,0,0,3.44E-05,0,3.44E-05,0,0,0,0.000550269,8.02E-05,1.15E-05,0,0,0,0,2.29E-05,0,2.29E-05,0,0,0,0,0,0,0,0,0,0,0,1.15E-05,0,1.15E-05,0,0,0,0,0,0,0,8.02E-05,0,0,0,0,0,0,1.15E-05,0,0,0,0,0,0.000286599,3.44E-05,0,0,0,0,2.29E-05,0,0,0,0,0,0,2.29E-05,0,0,0,1.15E-05,0.000171959,0,0,0,0,0,0,0,1.15E-05,0,6.88E-05,0,0,0,5.73E-05,0,0,0.000217815,0,1.15E-05,0,1.15E-05,0.000194887,0,0,0,0,6.88E-05,0,0,0,0,3.44E-05,0,0,0.000137567,0,0,0,4.59E-05,0.004436547,2.29E-05,1.15E-05,1.15E-05,0,0,0.003336008,0,0,0.000298063,0,1.15E-05,0,0,2.29E-05,0,0,2.29E-05,1.15E-05,0.000160495,0,0,0,0,2.29E-05,2.29E-05,0,2.29E-05,0,0,2.29E-05,0,1.15E-05,2.29E-05,0.000263671,0,0,0,0,0,5.73E-05,0,2.29E-05,0,0,1.15E-05,0,0,1.15E-05,1.15E-05,0,0,0,1.15E-05,2.29E-05,0,0,0.000160495,0,0,0,0,0,0,0.000103176,1.15E-05,0,1.15E-05,0.000217815,0,0,0,0,3.44E-05,0,0,0,6.88E-05,0,0,0,3.44E-05,1.15E-05,1.15E-05,0,0,0,1.15E-05,0.000171959,3.44E-05,0,0,8.02E-05,0,0,0,0,0,0,0,0,0,0,0,0,0.000126103,3.44E-05,0,0,1.15E-05,2016-09,60147
11,0.00057446,3.38E-05,0,6.76E-05,0,5.63E-05,0,0,0,1.13E-05,0,0,5.63E-05,0,0,5.63E-05,6.76E-05,0,1.13E-05,0,0,3.38E-05,0,0,0,0.000112639,1.13E-05,0,0,0.000563196,3.38E-05,1.13E-05,0,1.56E-08,2.66E-09,3.81E-10,2.25E-05,0,0,0,0,4.51E-05,7.88E-05,1.13E-05,0,0,0,0,7.88E-05,2.25E-05,0,0,0,3.38E-05,0,1.13E-05,0,0,0,1.13E-05,0,0,0,1.13E-05,0,0,0,4.51E-05,0,0,0,0,0,0,1.13E-05,0,0,0,0,0.000123903,0,0,4.51E-05,0,4.51E-05,0,0,0,0,0,0,0,1.13E-05,0,5.63E-05,0,3.38E-05,0,0,0,0.000360446,6.76E-05,0,1.13E-05,0,0,0,1.13E-05,2.25E-05,2.25E-05,0,0,0,0,0,3.38E-05,0,0,0,0,0,0,0,0,0,0,0,0,0,0,1.13E-05,3.38E-05,0,0,0,0,0,0,0,0,1.13E-05,0,0,0,0.000247806,0,0,0,0,0,1.13E-05,0,0,0,0,0,0,0,0,0,0,0,0.000225279,0,0,0,0,1.13E-05,0,0,0,0,5.63E-05,0,0,1.13E-05,3.38E-05,1.13E-05,0,0.000180223,0,0,0,2.25E-05,0.000112639,0,0,0,0,7.88E-05,0,0,0,0,7.88E-05,0,0,0.000146431,0,1.13E-05,0,9.01E-05,0.004742112,5.63E-05,0,0,1.13E-05,0,0.0035594,0,0,0.000349182,0,1.13E-05,0,0,0,0,0,5.63E-05,0,0.000326654,2.25E-05,0,0,1.13E-05,1.13E-05,4.51E-05,0,0,0,0,0,0,0,2.25E-05,0.000236542,0,0,0,0,0,4.51E-05,0,1.13E-05,0,0,1.13E-05,0,0,0,0,0,0,0,0,0,0,0,0.000202751,0,0,0,0,0,0,5.63E-05,1.13E-05,0,0,0.000236542,0,1.13E-05,0,0,2.25E-05,1.13E-05,0,1.13E-05,5.63E-05,0,0,0,0,1.13E-05,0,0,0,0,0,0.000123903,1.13E-05,0,1.13E-05,5.63E-05,0,0,0,0,0,0,0,0,0,0,0,0,0.000202751,4.51E-05,0,0,0,2016-10,61062
12,0.000434967,1.12E-05,0,6.69E-05,1.12E-05,0.000133836,0,1.12E-05,0,2.23E-05,2.23E-05,0,5.58E-05,0,1.12E-05,0,3.35E-05,0,2.23E-05,0,0,0,0,0,1.12E-05,0.000100377,0,0,0,0.000490732,0.000100377,3.35E-05,0,1.24E-08,3.73E-09,2.49E-10,2.23E-05,0,0,3.35E-05,1.12E-05,0.000100377,0.000100377,2.23E-05,0,0,0,1.12E-05,4.46E-05,1.12E-05,0,0,0,5.58E-05,0,1.12E-05,0,0,0,3.35E-05,0,0,0,3.35E-05,0,0,0,4.46E-05,0,0,1.12E-05,0,0,0,0,0,0,0,0,0.000100377,0,0,1.12E-05,0,0,0,0,0,0,1.12E-05,0,0,0,0,1.12E-05,0,4.46E-05,0,0,0,0.000323437,0.000100377,0,1.12E-05,0,0,0,0,4.46E-05,0,0,0,0,1.12E-05,0,2.23E-05,1.12E-05,0,0,2.23E-05,0,0,0,0,0,0,0,0,0,0,2.23E-05,3.35E-05,1.12E-05,0,0,0,0,0,0,0,0,0,0,0,0.000245366,2.23E-05,0,0,0,0,0.000144989,0,0,0,0,0,0,0,1.12E-05,0,0,0,0.000289978,0,0,0,0,0,0,0,0,1.12E-05,2.23E-05,0,0,0,2.23E-05,1.12E-05,0,0.000178448,0,0,0,0,0.000189601,0,0,0,0,2.23E-05,0,0,1.12E-05,0,2.23E-05,0,0,0.000144989,0,0,0,3.35E-05,0.004260445,0,0,0,3.35E-05,0,0.003167451,0,2.23E-05,0.000323437,0,0,0,0,0,0,0,2.23E-05,0,0.000267672,1.12E-05,0,0,0,2.23E-05,2.23E-05,0,1.12E-05,0,0,0,0,1.12E-05,6.69E-05,0.000234213,0,0,0,0,0,5.58E-05,0,0,0,0,1.12E-05,0,0,0,0,0,0,0,1.12E-05,1.12E-05,0,0,0.000100377,0,0,0,0,0,0,4.46E-05,1.12E-05,0,0,0.000178448,0,0,0,0,4.46E-05,0,0,1.12E-05,2.23E-05,0,0,1.12E-05,0,1.12E-05,0,0,0,0,0,0.000178448,2.23E-05,0,1.12E-05,0.00011153,0,1.12E-05,0,0,0,0,0,0,0,0,1.12E-05,0,8.92E-05,4.46E-05,0,0,0,2016-11,62340
13,0.000387061,0,0,0.000132707,1.11E-05,8.85E-05,0,1.11E-05,0,0,0,0,9.95E-05,0,0,6.64E-05,2.21E-05,0,2.21E-05,0,0,2.21E-05,0,0,0,8.85E-05,1.11E-05,1.11E-05,0,0.000387061,6.64E-05,5.53E-05,0,1.55E-08,3.42E-09,4.89E-10,0,0,0,0,1.11E-05,3.32E-05,0.000110589,1.11E-05,0,1.11E-05,0,0,0,1.11E-05,1.11E-05,0,1.11E-05,4.42E-05,0,1.11E-05,0,0,0,7.74E-05,0,0,0,1.11E-05,1.11E-05,0,1.11E-05,6.64E-05,0,0,0,0,0,0,1.11E-05,0,0,0,0,0.000143766,0,0,1.11E-05,0,3.32E-05,0,0,0,0,1.11E-05,0,0,0,0,1.11E-05,0,4.42E-05,0,0,0,0.000442356,5.53E-05,4.42E-05,0,0,0,0,1.11E-05,3.32E-05,1.11E-05,1.11E-05,0,0,0,0,1.11E-05,0,0,0,2.21E-05,0,0,0,1.11E-05,0,0,0,0,0,0,2.21E-05,5.53E-05,0,0,0,0,0,0,0,0,1.11E-05,0,0,0,0.000353884,2.21E-05,0,0,1.11E-05,0,4.42E-05,0,0,0,0,0,0,0,0,2.21E-05,0,0,0.000176942,0,0,0,0,0,2.21E-05,0,0,0,8.85E-05,0,0,2.21E-05,0,0,0,0.00019906,2.21E-05,0,0,0,0.000254354,0,0,0,0,4.42E-05,0,0,1.11E-05,0,3.32E-05,0,0,0.000165883,0,0,0,3.32E-05,0.00427979,0,0,0,2.21E-05,0,0.003107548,0,0,0.000331767,0.000342826,2.21E-05,0,0,1.11E-05,0,1.11E-05,3.32E-05,0,0.000210119,0,0,0,1.11E-05,1.11E-05,3.32E-05,0,4.42E-05,0,0,0,0,1.11E-05,3.32E-05,0.00019906,1.11E-05,0,0,0,0,4.42E-05,0,0,0,0,1.11E-05,0,0,0,0,0,0,0,0,0,0,0,9.95E-05,0,0,0,0,0,0,2.21E-05,2.21E-05,1.11E-05,0,0.000320708,0,0,0,0,4.42E-05,0,1.11E-05,0,3.32E-05,1.11E-05,0,1.11E-05,1.11E-05,1.11E-05,0,0,0,0,1.11E-05,0.000188001,4.42E-05,0,0,9.95E-05,0,1.11E-05,0,0,0,0,0,0,0,0,0,0,0.000176942,8.85E-05,0,0,0,2016-12,63938
14,0.000410504,0,0,7.77E-05,2.22E-05,0.000144231,0,0,2.22E-05,1.11E-05,1.11E-05,0,0.000110947,0,0,4.44E-05,2.22E-05,0,1.11E-05,0,0,0,0,0,0,0.000110947,0,0,0,0.000610209,6.66E-05,2.22E-05,0,1.56E-08,2.58E-09,6.15E-10,2.22E-05,0,0,0,0,2.22E-05,0.000177515,0,0,0,0,0,3.33E-05,1.11E-05,0,0,1.11E-05,3.33E-05,0,3.33E-05,1.11E-05,0,0,2.22E-05,0,0,0,0,0,0,1.11E-05,4.44E-05,0,0,0,0,0,0,1.11E-05,0,0,0,0,0.000166421,0,0,5.55E-05,0,1.11E-05,0,0,0,0,1.11E-05,0,0,0,1.11E-05,2.22E-05,0,1.11E-05,0,0,0,0.000332841,3.33E-05,1.11E-05,0,0,0,0,6.66E-05,0,0,0,0,0,2.22E-05,0,1.11E-05,0,0,0,1.11E-05,1.11E-05,0,0,1.11E-05,0,0,1.11E-05,1.11E-05,0,0,0,5.55E-05,0,0,0,1.11E-05,0,0,0,0,1.11E-05,0,0,0,0.000244084,2.22E-05,0,0,0,0,4.44E-05,0,0,0,0,0,0,0,1.11E-05,1.11E-05,0,1.11E-05,0.0002108,0,1.11E-05,0,0,0,0,0,0,1.11E-05,8.88E-05,0,1.11E-05,1.11E-05,6.66E-05,0,0,0.000122042,0,0,0,0,0.000232989,0,0,0,0,5.55E-05,0,0,0,0,5.55E-05,0,0,0.000177515,0,0,0,2.22E-05,0.004482265,1.11E-05,0,0,3.33E-05,0,0.002773679,0,1.11E-05,0.000299557,0,0,0,0,0,0,0,1.11E-05,0,0.000232989,0,0,0,2.22E-05,1.11E-05,1.11E-05,2.22E-05,2.22E-05,0,0,0,0,0,3.33E-05,0.000266273,0,0,0,0,0,2.22E-05,0,2.22E-05,0,0,2.22E-05,0,0,0,0,0,0,0,0,0,0,1.11E-05,7.77E-05,0,0,0,0,0,0,4.44E-05,1.11E-05,1.11E-05,0,0.000277368,0,0,0,0,1.11E-05,0,0,1.11E-05,4.44E-05,0,0,0,0,0,0,0,0,0,0,0.000110947,2.22E-05,0,0,7.77E-05,1.11E-05,0,0,0,0,0,0,0,0,0,0,0,0.00018861,7.77E-05,0,0,0,2017-01,65571
15,0.000439071,0,0,9.64E-05,1.07E-05,0.000139218,2.14E-05,0,0,2.14E-05,3.21E-05,0,6.43E-05,0,0,8.57E-05,3.21E-05,0,3.21E-05,0,0,0,0,0,0,9.64E-05,1.07E-05,0,0,0.00044978,8.57E-05,0,4.28E-05,1.47E-08,2.87E-09,5.73E-10,1.07E-05,0,1.07E-05,1.07E-05,2.14E-05,5.35E-05,5.35E-05,0,0,0,0,1.07E-05,1.07E-05,1.07E-05,1.07E-05,0,2.14E-05,2.14E-05,0,2.14E-05,0,1.07E-05,0,4.28E-05,0,0,0,4.28E-05,0,0,0,3.21E-05,0,0,0,0,0,0,2.14E-05,0,0,0,1.07E-05,0.0001178,1.07E-05,0,4.28E-05,0,1.07E-05,2.14E-05,0,0,0,1.07E-05,0,0,0,0,4.28E-05,2.14E-05,3.21E-05,0,0,0,0.00033198,4.28E-05,2.14E-05,1.07E-05,0,0,1.07E-05,3.21E-05,2.14E-05,0,0,0,0,1.07E-05,0,2.14E-05,0,0,0,2.14E-05,0,1.07E-05,2.14E-05,0,0,0,0,0,0,0,2.14E-05,0,0,0,0,0,0,0,0,0,0,0,0,0,0.000257017,1.07E-05,0,0,0,0,8.57E-05,0,0,0,0,0,0,0,0,1.07E-05,0,0,0.000235599,0,0,0,1.07E-05,2.14E-05,0,0,1.07E-05,0,4.28E-05,0,0,0,2.14E-05,0,0,7.50E-05,0,0,1.07E-05,1.07E-05,0.000182054,0,0,1.07E-05,0,2.14E-05,0,0,0,0,2.14E-05,0,0,0.000139218,0,0,0,3.21E-05,0.004165819,2.14E-05,1.07E-05,1.07E-05,4.28E-05,0,0.002859315,0,2.14E-05,0.000289144,0,1.07E-05,0,1.07E-05,0,0,0,1.07E-05,0,0.000396235,0,0,1.07E-05,1.07E-05,1.07E-05,1.07E-05,0,1.07E-05,0,0,0,0,0,5.35E-05,0.000267726,0,0,0,0,0,2.14E-05,0,2.14E-05,0,0,6.43E-05,1.07E-05,2.14E-05,0,1.07E-05,0,0,0,0,1.07E-05,0,1.07E-05,5.35E-05,0,0,0,0,0,2.14E-05,4.28E-05,0,3.21E-05,0,0.000246308,0,1.07E-05,1.07E-05,0,2.14E-05,0,1.07E-05,1.07E-05,3.21E-05,0,0,0,2.14E-05,2.14E-05,0,0,0,0,0,0.000171345,2.14E-05,0,0,6.43E-05,0,0,0,0,0,0,0,0,0,0,0,0,0.000149927,4.28E-05,0,0,0,2017-02,66189
16,0.000340618,0,0,7.45E-05,2.13E-05,9.58E-05,1.06E-05,2.13E-05,0,1.06E-05,0,1.06E-05,2.13E-05,0,0,0,6.39E-05,0,0,1.06E-05,0,0,0,0,0,0.000234175,0,0,2.13E-05,0.000436416,7.45E-05,1.06E-05,3.19E-05,1.28E-08,2.72E-09,3.40E-10,2.13E-05,0,0,1.06E-05,0,6.39E-05,0.000159664,0,0,0,0,0,1.06E-05,0,0,0,0,5.32E-05,0,0,0,0,0,5.32E-05,0,0,0,2.13E-05,0,0,0,2.13E-05,0,0,0,0,0,0,3.19E-05,0,0,0,0,8.52E-05,0,0,1.06E-05,0,2.13E-05,0,0,1.06E-05,0,0,0,0,0,0,4.26E-05,0,5.32E-05,0,0,0,0.000308685,3.19E-05,0,1.06E-05,0,0,0,1.06E-05,1.06E-05,0,0,0,0,2.13E-05,0,3.19E-05,0,0,0,1.06E-05,0,0,1.06E-05,1.06E-05,0,0,0,1.06E-05,0,0,3.19E-05,2.13E-05,0,0,0,0,0,0,0,0,0,0,0,0,0.000340618,4.26E-05,0,0,0,0,0.000117087,0,0,0,0,0,0,0,1.06E-05,2.13E-05,0,1.06E-05,0.00029804,0,0,0,0,0,0,0,0,0,2.13E-05,0,0,0,2.13E-05,0,0,0.000138376,0,0,0,0,0.000191597,0,0,0,0,8.52E-05,0,0,0,0,8.52E-05,0,1.06E-05,0.000234175,0,1.06E-05,0,3.19E-05,0.004268364,3.19E-05,1.06E-05,0,4.26E-05,0,0.00304427,0,1.06E-05,0.000212886,1.06E-05,0,0,0,0,0,0,6.39E-05,1.06E-05,0.000255463,0,0,0,0,1.06E-05,3.19E-05,0,3.19E-05,0,0,1.06E-05,0,0,3.19E-05,0.00022353,0,0,0,0,0,2.13E-05,0,1.06E-05,1.06E-05,1.06E-05,1.06E-05,0,0,0,0,0,0,0,0,0,0,0,8.52E-05,0,0,0,0,0,0,0.000106443,1.06E-05,0,0,0.000234175,0,1.06E-05,0,0,2.13E-05,0,0,2.13E-05,4.26E-05,1.06E-05,0,0,1.06E-05,1.06E-05,1.06E-05,0,0,0,0,0.000191597,3.19E-05,0,0,5.32E-05,0,1.06E-05,0,0,0,0,0,0,0,0,0,0,0.000127732,3.19E-05,0,0,0,2017-03,66858
17,0.000494592,2.15E-05,0,0.000129024,1.08E-05,0.00010752,0,3.23E-05,0,3.23E-05,2.15E-05,1.08E-05,7.53E-05,0,0,2.15E-05,5.38E-05,0,1.08E-05,0,0,1.08E-05,0,0,0,0.000139776,3.23E-05,0,0,0.0002688,7.53E-05,2.15E-05,0,1.20E-08,3.12E-09,3.47E-10,0,0,0,2.15E-05,0,1.08E-05,0.000118272,1.08E-05,0,0,0,0,0,0,0,0,1.08E-05,8.60E-05,0,0,0,0,0,5.38E-05,0,0,0,1.08E-05,0,0,1.08E-05,0,0,0,0,0,0,0,1.08E-05,0,0,0,2.15E-05,0.000129024,0,1.08E-05,3.23E-05,0,2.15E-05,0,0,0,0,0,0,0,0,0,0,0,4.30E-05,0,1.08E-05,0,0.0002688,4.30E-05,1.08E-05,2.15E-05,0,0,0,2.15E-05,1.08E-05,0,0,0,1.08E-05,0,0,2.15E-05,0,0,0,0,0,0,1.08E-05,0,0,0,0,1.08E-05,0,0,1.08E-05,3.23E-05,0,1.08E-05,0,0,0,0,0,0,1.08E-05,0,0,0,0.000279552,2.15E-05,0,0,0,0,8.60E-05,1.08E-05,0,0,0,0,0,0,0,3.23E-05,0,2.15E-05,0.00016128,0,0,0,0,0,0,0,0,0,4.30E-05,0,1.08E-05,0,3.23E-05,0,0,0.000129024,0,0,2.15E-05,0,0.000258048,0,0,0,0,3.23E-05,0,0,2.15E-05,0,5.38E-05,0,0,0.000129024,0,0,0,1.08E-05,0.00425779,1.08E-05,0,0,3.23E-05,0,0.002860031,0,2.15E-05,0.0002688,1.08E-05,0,0,0,0,0,0,2.15E-05,0,0.000301056,0,0,0,0,2.15E-05,3.23E-05,0,1.08E-05,0,0,0,0,0,1.08E-05,0.000204288,0,0,0,0,0,2.15E-05,0,0,0,0,0,0,0,0,0,0,0,0,0,0,0,0,9.68E-05,0,0,0,0,0,1.08E-05,3.23E-05,0,0,0,0.000258048,0,0,0,0,3.23E-05,0,0,2.15E-05,7.53E-05,0,0,0,1.08E-05,1.08E-05,0,0,0,0,0,0.000129024,2.15E-05,0,0,4.30E-05,0,2.15E-05,0,0,0,0,0,0,0,0,0,0,0.000150528,7.53E-05,0,0,0,2017-04,67493
18,0.000383656,0,0,7.46E-05,3.20E-05,8.53E-05,0,0,0,1.07E-05,3.20E-05,0,5.33E-05,0,0,6.39E-05,4.26E-05,0,3.20E-05,0,0,1.07E-05,0,0,0,0.0001492,1.07E-05,0,0,0.000447599,0.000106571,1.07E-05,3.20E-05,1.19E-08,2.04E-09,2.27E-10,1.07E-05,0,0,2.13E-05,1.07E-05,3.20E-05,5.33E-05,0,0,0,0,0,0,0,0,0,0,4.26E-05,0,2.13E-05,0,0,0,1.07E-05,0,0,0,1.07E-05,0,0,0,3.20E-05,0,0,0,0,0,0,0,0,0,0,2.13E-05,0.000127885,1.07E-05,0,7.46E-05,0,2.13E-05,0,0,0,0,0,0,0,1.07E-05,0,0,0,4.26E-05,0,0,0,0.000309056,1.07E-05,1.07E-05,0,1.07E-05,0,0,1.07E-05,2.13E-05,0,0,0,0,0,0,3.20E-05,0,0,0,0,0,0,0,0,0,0,0,0,0,2.13E-05,2.13E-05,1.07E-05,0,0,0,0,0,0,0,0,0,0,0,0,0.000266428,2.13E-05,0,1.07E-05,0,0,5.33E-05,0,0,0,0,0,0,0,0,1.07E-05,0,0,0.000191828,0,2.13E-05,0,1.07E-05,0,0,1.07E-05,0,0,5.33E-05,0,0,0,3.20E-05,0,0,0.000127885,0,0,0,0,0.000159857,0,0,0,0,0,0,0,0,0,3.20E-05,0,0,0.0001492,0,0,0,4.26E-05,0.004060362,2.13E-05,0,0,3.20E-05,0,0.002749536,0,0,0.000181171,1.07E-05,1.07E-05,0,0,1.07E-05,0,0,3.20E-05,1.07E-05,0.000309056,0,0,0,2.13E-05,3.20E-05,2.13E-05,2.13E-05,1.07E-05,0,0,2.13E-05,0,2.13E-05,3.20E-05,0.000266428,0,0,0,0,0,4.26E-05,0,2.13E-05,0,0,4.26E-05,0,0,0,0,0,0,0,1.07E-05,0,0,1.07E-05,0.000106571,0,0,0,0,0,0,3.20E-05,2.13E-05,0,0,0.000191828,0,0,0,0,3.20E-05,0,1.07E-05,0,2.13E-05,0,0,0,1.07E-05,0,1.07E-05,0,0,0,0,0.0001492,2.13E-05,0,1.07E-05,9.59E-05,0,1.07E-05,0,0,0,0,0,0,0,0,0,0,0.000127885,2.13E-05,0,0,1.07E-05,2017-05,68370
19,0.000350821,1.06E-05,0,0.000180726,0,0.000201988,0,4.25E-05,0,2.13E-05,0,0,5.32E-05,1.06E-05,0,5.32E-05,2.13E-05,0,1.06E-05,0,0,0,0,0,0,0.000127571,4.25E-05,0,0,0.000393345,7.44E-05,2.13E-05,2.13E-05,9.27E-09,4.75E-09,6.78E-10,1.06E-05,0,0,1.06E-05,4.25E-05,6.38E-05,9.57E-05,0,0,0,1.06E-05,0,2.13E-05,0,0,0,2.13E-05,6.38E-05,0,2.13E-05,0,0,0,4.25E-05,0,0,1.06E-05,1.06E-05,0,0,0,7.44E-05,0,0,0,0,0,1.06E-05,0,0,0,0,1.06E-05,0.000106309,0,0,4.25E-05,0,0,0,0,0,0,1.06E-05,0,0,0,0,1.06E-05,0,4.25E-05,0,0,0,0.000350821,1.06E-05,1.06E-05,0,0,0,1.06E-05,0,2.13E-05,1.06E-05,0,0,0,0,0,2.13E-05,0,0,0,0,0,0,1.06E-05,0,1.06E-05,0,0,1.06E-05,0,2.13E-05,1.06E-05,8.50E-05,0,0,1.06E-05,0,0,0,0,1.06E-05,0,0,0,0,0.000297667,5.32E-05,0,0,0,0,5.32E-05,0,0,0,0,0,0,0,1.06E-05,1.06E-05,1.06E-05,0,0.000159464,0,0,0,2.13E-05,0,0,0,0,0,3.19E-05,0,0,0,0,0,0,9.57E-05,0,1.06E-05,0,1.06E-05,0.00022325,0,0,0,0,3.19E-05,0,0,0,0,4.25E-05,0,0,0.000233881,0,0,0,5.32E-05,0.0041567,0,0,0,5.32E-05,0,0.002413225,0,0,0.000201988,0,0,0,0,0,0,0,2.13E-05,0,0.000287036,0,0,0,0,2.13E-05,1.06E-05,1.06E-05,1.06E-05,0,0,0,0,1.06E-05,0.000170095,0.000191357,0,0,0,0,0,3.19E-05,0,1.06E-05,2.13E-05,1.06E-05,1.06E-05,0,0,1.06E-05,0,0,0,0,0,1.06E-05,0,0,0.000106309,0,0,0,0,0,0,4.25E-05,0,0,0,0.000233881,0,0,0,0,4.25E-05,0,1.06E-05,2.13E-05,5.32E-05,1.06E-05,0,0,0,0,0,0,0,0,0,9.57E-05,1.06E-05,0,0,4.25E-05,0,0,0,0,0,0,0,0,0,0,1.06E-05,0,0.000329559,2.13E-05,0,0,0,2017-06,69153
20,0.00035049,1.06E-05,0,0.000106209,0,5.31E-05,0,0,0,1.06E-05,2.12E-05,0,6.37E-05,0,0,4.25E-05,1.06E-05,0,2.12E-05,0,0,0,0,0,0,0.000201797,2.12E-05,0,0,0.000509803,5.31E-05,1.06E-05,2.12E-05,1.18E-08,2.59E-09,3.38E-10,2.12E-05,0,1.06E-05,0,2.12E-05,1.06E-05,0.00011683,0,0,0,0,0,0,0,0,0,1.06E-05,2.12E-05,0,2.12E-05,0,0,0,3.19E-05,0,0,0,2.12E-05,0,0,0,5.31E-05,0,0,0,0,1.06E-05,1.06E-05,0,0,0,0,0,0.000201797,0,0,5.31E-05,0,4.25E-05,0,1.06E-05,0,0,0,0,0,0,0,1.06E-05,0,4.25E-05,0,0,0,0.000265522,5.31E-05,0,1.06E-05,0,0,0,2.12E-05,0,2.12E-05,0,0,0,1.06E-05,0,4.25E-05,0,0,0,0,0,1.06E-05,1.06E-05,0,0,0,0,0,0,2.12E-05,0,3.19E-05,0,0,0,0,0,0,0,0,2.12E-05,0,0,0,0.000244281,3.19E-05,0,0,0,0,4.25E-05,0,0,0,0,0,0,0,2.12E-05,0,1.06E-05,1.06E-05,0.000191176,0,0,0,1.06E-05,0,0,0,1.06E-05,0,4.25E-05,0,0,0,3.19E-05,0,1.06E-05,9.56E-05,0,0,1.06E-05,0,0.000159313,0,0,0,0,5.31E-05,0,0,0,0,2.12E-05,0,0,0.000265522,0,0,0,1.06E-05,0.004333326,4.25E-05,0,0,3.19E-05,0,0.002750812,0,0,0.000265522,0,0,0,0,1.06E-05,0,0,0.000106209,0,0.000297385,0,0,0,0,1.06E-05,2.12E-05,1.06E-05,1.06E-05,0,0,0,0,3.19E-05,2.12E-05,0.000180555,0,0,0,0,0,4.25E-05,0,3.19E-05,0,0,1.06E-05,0,0,0,0,1.06E-05,0,0,1.06E-05,2.12E-05,0,0,8.50E-05,0,0,0,0,0,1.06E-05,0.000127451,2.12E-05,0,0,0.000191176,0,0,0,0,5.31E-05,1.06E-05,1.06E-05,1.06E-05,3.19E-05,1.06E-05,0,0,2.12E-05,0,2.12E-05,0,0,1.06E-05,1.06E-05,0.000159313,4.25E-05,0,0,3.19E-05,0,0,0,0,0,0,0,1.06E-05,0,0,0,0,0.000201797,7.43E-05,0,0,0,2017-07,69504
21,0.000359302,2.11E-05,0,4.23E-05,0,0.000116245,1.06E-05,0,0,2.11E-05,0,0,6.34E-05,0,1.06E-05,3.17E-05,5.28E-05,0,3.17E-05,0,0,0,0,0,1.06E-05,0.000126812,0,0,0,0.000538953,4.23E-05,1.06E-05,2.11E-05,9.60E-09,3.91E-09,5.58E-10,1.06E-05,0,0,0,0,5.28E-05,0.000105677,0,0,0,1.06E-05,0,1.06E-05,2.11E-05,0,0,1.06E-05,6.34E-05,0,3.17E-05,0,0,0,5.28E-05,0,0,0,3.17E-05,0,0,1.06E-05,5.28E-05,0,0,0,0,0,0,2.11E-05,0,0,1.06E-05,1.06E-05,0.000105677,0,0,4.23E-05,0,0,1.06E-05,0,0,0,3.17E-05,0,0,1.06E-05,0,0,0,4.23E-05,0,0,0,0.000317031,3.17E-05,1.06E-05,0,0,1.06E-05,0,2.11E-05,0,0,0,0,0,0,0,2.11E-05,0,0,0,1.06E-05,0,0,1.06E-05,0,0,0,1.06E-05,0,0,0,0,4.23E-05,0,0,0,0,0,0,0,0,1.06E-05,0,1.06E-05,0,0.000369869,3.17E-05,0,0,0,0,9.51E-05,0,0,0,0,0,0,0,2.11E-05,0,2.11E-05,0,0.00013738,0,0,0,1.06E-05,1.06E-05,0,0,1.06E-05,0,6.34E-05,0,0,0,5.28E-05,0,0,0.000190219,0,0,1.06E-05,0,0.000158515,0,0,0,1.06E-05,1.06E-05,0,0,0,0,7.40E-05,0,2.11E-05,0.000221922,0,0,0,6.34E-05,0.003962886,3.17E-05,0,0,0,1.06E-05,0.002789872,0,0,0.000348734,0,0,0,0,0,0,0,4.23E-05,0,0.000338166,0,0,2.11E-05,0,1.06E-05,3.17E-05,1.06E-05,4.23E-05,0,0,0,0,0,4.23E-05,0.000200786,0,0,0,0,0,4.23E-05,0,5.28E-05,0,0,5.28E-05,1.06E-05,0,0,1.06E-05,1.06E-05,0,0,2.11E-05,0,0,0,7.40E-05,0,0,0,0,0,0,6.34E-05,2.11E-05,0,0,0.000243057,0,0,0,0,3.17E-05,0,0,0,6.34E-05,1.06E-05,0,0,0,2.11E-05,0,0,0,0,0,0.000253625,2.11E-05,0,2.11E-05,8.45E-05,0,0,0,0,0,0,0,0,0,0,0,1.06E-05,0.000126812,4.23E-05,0,0,0,2017-08,69988
22,0.00045062,0,0,7.34E-05,2.10E-05,6.29E-05,0,0,0,4.19E-05,1.05E-05,0,1.05E-05,0,0,4.19E-05,2.10E-05,0,2.10E-05,0,0,0,0,0,0,0.000125755,0,0,0,0.000377264,4.19E-05,0,1.05E-05,1.13E-08,2.86E-09,1.10E-10,1.05E-05,0,0,0,1.05E-05,3.14E-05,0.000104795,1.05E-05,0,0,1.05E-05,0,1.05E-05,1.05E-05,0,0,1.05E-05,3.14E-05,0,3.14E-05,0,0,0,3.14E-05,1.05E-05,0,0,3.14E-05,0,0,0,1.05E-05,0,0,0,0,0,1.05E-05,1.05E-05,0,0,0,0,9.43E-05,0,0,5.24E-05,0,4.19E-05,0,0,0,0,1.05E-05,0,0,1.05E-05,0,1.05E-05,0,6.29E-05,0,0,0,0.000303907,5.24E-05,1.05E-05,0,0,0,0,0,3.14E-05,0,0,0,0,1.05E-05,0,2.10E-05,0,0,0,1.05E-05,2.10E-05,1.05E-05,0,0,0,0,0,0,0,2.10E-05,0,5.24E-05,0,2.10E-05,0,1.05E-05,0,0,1.05E-05,1.05E-05,0,0,0,0,0.000345825,4.19E-05,0,0,0,0,5.24E-05,0,0,0,1.05E-05,0,0,0,1.05E-05,0,0,0,0.000167673,0,0,0,0,0,0,0,0,1.05E-05,3.14E-05,0,1.05E-05,0,1.05E-05,0,0,0.000104795,0,0,0,0,0.000199111,0,0,0,0,1.05E-05,0,0,0,0,6.29E-05,0,0,0.000146714,0,1.05E-05,0,4.19E-05,0.004307093,2.10E-05,0,0,2.10E-05,0,0.002787559,0,0,0.000303907,0,0,0,0,0,0,1.05E-05,3.14E-05,0,0.000293427,3.14E-05,0,0,0,1.05E-05,1.05E-05,0,0,0,0,0,1.05E-05,0,3.14E-05,0.000282948,0,0,0,0,0,1.05E-05,0,4.19E-05,0,0,3.14E-05,0,0,0,0,0,0,0,1.05E-05,1.05E-05,0,0,0.000146714,0,0,0,0,0,1.05E-05,7.34E-05,4.19E-05,0,0,0.000199111,0,0,0,0,5.24E-05,0,0,2.10E-05,8.38E-05,1.05E-05,0,0,0,0,1.05E-05,0,0,0,0,0.000209591,0,0,1.05E-05,6.29E-05,0,0,0,0,0,0,0,0,0,0,0,0,0.000209591,5.24E-05,0,0,0,2017-09,70599
23,0.000429612,1.05E-05,0,4.19E-05,3.14E-05,6.29E-05,3.14E-05,1.05E-05,1.05E-05,3.14E-05,1.05E-05,2.10E-05,7.33E-05,0,0,4.19E-05,3.14E-05,0,3.14E-05,0,0,0,0,0,1.05E-05,9.43E-05,4.19E-05,0,0,0.00031435,5.24E-05,0,1.05E-05,1.03E-08,2.20E-09,5.49E-10,0,0,0,1.05E-05,0,5.24E-05,6.29E-05,1.05E-05,0,0,0,1.05E-05,3.14E-05,0,0,0,2.10E-05,4.19E-05,0,3.14E-05,0,0,0,3.14E-05,0,0,0,4.19E-05,0,0,1.05E-05,7.33E-05,0,0,0,0,0,0,1.05E-05,0,0,0,0,0.000104783,0,0,2.10E-05,0,1.05E-05,0,1.05E-05,0,0,1.05E-05,0,1.05E-05,0,0,2.10E-05,0,6.29E-05,0,0,0,0.000230523,3.14E-05,4.19E-05,0,0,0,0,5.24E-05,2.10E-05,0,0,0,0,0,0,1.05E-05,0,0,0,1.05E-05,0,0,0,1.05E-05,0,0,0,0,0,1.05E-05,0,4.19E-05,0,0,1.05E-05,0,0,0,0,0,3.14E-05,0,0,0,0.000419133,3.14E-05,0,0,0,0,6.29E-05,0,0,0,0,0,0,0,1.05E-05,0,0,1.05E-05,0.000241002,0,1.05E-05,0,0,0,0,1.05E-05,0,0,2.10E-05,0,0,1.05E-05,3.14E-05,0,0,0.000178132,2.10E-05,0,0,0,0.000167653,0,0,0,0,8.38E-05,0,0,0,0,5.24E-05,0,0,0.000167653,0,1.05E-05,0,3.14E-05,0.004495206,1.05E-05,0,0,2.10E-05,0,0.002671976,0,0,0.000272437,1.05E-05,1.05E-05,0,0,0,0,0,4.19E-05,0,0.000293393,0,0,0,0,0,2.10E-05,0,2.10E-05,0,0,0,1.05E-05,0,5.24E-05,0.000209567,0,0,0,0,0,3.14E-05,0,0,0,1.05E-05,1.05E-05,0,0,0,0,0,0,0,1.05E-05,0,0,0,5.24E-05,0,0,0,0,0,0,2.10E-05,0,0,1.05E-05,0.000209567,1.05E-05,1.05E-05,0,0,5.24E-05,0,1.05E-05,1.05E-05,5.24E-05,0,0,0,0,1.05E-05,0,0,0,0,1.05E-05,0.000167653,0,0,0,6.29E-05,0,0,0,0,0,0,0,0,0,0,0,0,0.00012574,8.38E-05,0,0,0,2017-10,70690
24,0.000439487,0,1.05E-05,9.42E-05,1.05E-05,8.37E-05,0,1.05E-05,0,1.05E-05,1.05E-05,0,4.19E-05,0,0,4.19E-05,2.09E-05,0,0,0,0,0,0,0,0,0.000136032,3.14E-05,0,0,0.000376703,7.32E-05,1.05E-05,3.14E-05,1.20E-08,3.07E-09,7.66E-10,1.05E-05,0,0,0,1.05E-05,2.09E-05,0.00015696,0,0,0,0,0,1.05E-05,0,0,0,0,4.19E-05,0,2.09E-05,0,0,0,3.14E-05,0,0,0,0,0,0,0,2.09E-05,0,0,0,0,0,1.05E-05,2.09E-05,0,0,0,3.14E-05,6.28E-05,0,0,2.09E-05,0,2.09E-05,0,0,0,0,0,1.05E-05,0,0,0,0,0,5.23E-05,0,0,1.05E-05,0.000261599,0.00010464,2.09E-05,1.05E-05,0,1.05E-05,0,3.14E-05,1.05E-05,2.09E-05,0,0,0,0,0,0,0,0,0,0,1.05E-05,0,0,0,0,0,0,3.14E-05,0,0,2.09E-05,4.19E-05,0,0,0,1.05E-05,0,0,0,0,3.14E-05,0,0,0,0.000292991,1.05E-05,0,0,0,0,4.19E-05,0,0,0,0,0,0,0,0,1.05E-05,1.05E-05,0,0.000167424,0,0,0,0,1.05E-05,0,1.05E-05,0,0,2.09E-05,0,0,1.05E-05,4.19E-05,1.05E-05,0,0.00010464,0,0,0,0,0.000303455,1.05E-05,0,0,0,3.14E-05,0,0,0,0,8.37E-05,0,0,0.00015696,0,0,0,5.23E-05,0.004122805,4.19E-05,0,0,3.14E-05,0,0.00244857,0,0,0.000261599,1.05E-05,0,0,0,0,0,0,1.05E-05,0,0.000334847,0,0,0,1.05E-05,1.05E-05,3.14E-05,1.05E-05,2.09E-05,0,0,0,0,1.05E-05,3.14E-05,0.000219743,0,0,0,0,0,2.09E-05,0,1.05E-05,0,0,1.05E-05,0,0,0,0,1.05E-05,0,0,0,0,0,0,4.19E-05,0,0,0,0,0,0,4.19E-05,1.05E-05,0,0,0.000261599,0,1.05E-05,0,0,7.32E-05,0,1.05E-05,0,2.09E-05,0,0,0,1.05E-05,1.05E-05,0,0,0,0,0,9.42E-05,0,0,0,6.28E-05,0,0,0,0,0,0,0,0,0,0,1.05E-05,0,0.000115104,4.19E-05,0,0,0,2017-11,70723
25,0.000335997,0,0,0.000136499,3.15E-05,0.000104999,0,0,0,4.20E-05,0,0,5.25E-05,1.05E-05,0,4.20E-05,1.05E-05,0,3.15E-05,0,0,1.05E-05,0,1.05E-05,0,0.000241498,3.15E-05,0,0,0.000419996,5.25E-05,2.10E-05,2.10E-05,1.07E-08,2.87E-09,4.41E-10,0,0,1.05E-05,0,0,4.20E-05,0.000136499,1.05E-05,0,1.05E-05,0,0,2.10E-05,1.05E-05,0,0,2.10E-05,6.30E-05,0,0,0,0,0,4.20E-05,0,0,0,0,0,0,1.05E-05,5.25E-05,0,0,0,0,0,0,1.05E-05,0,0,0,0,0.000104999,0,0,6.30E-05,0,0,0,0,0,0,2.10E-05,0,0,0,0,0,0,6.30E-05,0,0,0,0.000304497,5.25E-05,0,0,0,0,0,4.20E-05,0,0,0,0,0,1.05E-05,0,0,0,0,0,0,0,0,1.05E-05,0,0,0,0,0,0,0,2.10E-05,4.20E-05,0,0,1.05E-05,0,0,0,0,0,0,0,0,0,0.000220498,3.15E-05,0,0,0,0,4.20E-05,0,0,0,0,0,0,1.05E-05,1.05E-05,3.15E-05,0,0,0.000241498,0,0,0,0,3.15E-05,0,0,1.05E-05,1.05E-05,8.40E-05,0,1.05E-05,0,1.05E-05,0,0,0.000146999,0,0,0,1.05E-05,0.000251998,0,0,0,0,4.20E-05,0,0,4.20E-05,0,6.30E-05,0,0,0.000167998,0,0,0,2.10E-05,0.003905963,0,0,0,6.30E-05,0,0.002488476,0,1.05E-05,0.000356997,0.000325497,1.05E-05,0,0,2.10E-05,0,0,2.10E-05,0,0.000325497,1.05E-05,0,0,0,1.05E-05,3.15E-05,0,3.15E-05,0,0,0,0,3.15E-05,2.10E-05,0.000209998,1.05E-05,0,0,0,0,3.15E-05,0,3.15E-05,0,0,1.05E-05,0,0,0,0,1.05E-05,0,0,0,3.15E-05,0,2.10E-05,0.000104999,0,0,0,0,0,0,2.10E-05,0,1.05E-05,0,0.000367497,0,1.05E-05,0,0,1.05E-05,0,0,2.10E-05,5.25E-05,2.10E-05,0,0,1.05E-05,0,1.05E-05,0,1.05E-05,0,0,0.000167998,0,0,2.10E-05,9.45E-05,0,0,0,0,0,0,0,0,0,0,1.05E-05,0,0.000178498,5.25E-05,0,0,0,2017-12,70699
26,0.000291659,1.08E-05,0,7.56E-05,2.16E-05,3.24E-05,1.08E-05,0,0,2.16E-05,3.24E-05,0,9.72E-05,0,0,4.32E-05,0,0,1.08E-05,0,0,2.16E-05,0,0,0,0.000226846,2.16E-05,0,0,0.000388878,8.64E-05,2.16E-05,2.16E-05,1.23E-08,2.80E-09,4.67E-10,0,0,0,3.24E-05,3.24E-05,4.32E-05,4.32E-05,1.08E-05,0,0,0,1.08E-05,0,1.08E-05,0,0,0,3.24E-05,0,0,0,0,0,5.40E-05,0,0,0,1.08E-05,0,0,0,6.48E-05,0,0,0,0,1.08E-05,0,0,0,0,0,0,0.000216043,0,0,4.32E-05,0,2.16E-05,0,0,0,0,0,0,0,0,0,2.16E-05,1.08E-05,7.56E-05,0,0,0,0.000291659,4.32E-05,2.16E-05,0,0,0,0,3.24E-05,6.48E-05,1.08E-05,0,0,0,0,0,1.08E-05,0,0,0,1.08E-05,0,0,0,1.08E-05,1.08E-05,0,0,0,0,2.16E-05,0,8.64E-05,0,0,0,0,0,0,0,0,0,0,0,0,0.000334867,1.08E-05,0,0,0,0,6.48E-05,0,0,0,0,0,0,0,0,2.16E-05,2.16E-05,2.16E-05,0.000183637,0,1.08E-05,0,1.08E-05,1.08E-05,2.16E-05,0,1.08E-05,1.08E-05,6.48E-05,0,0,1.08E-05,0,0,0,9.72E-05,0,0,0,0,0.000216043,0,0,0,0,3.24E-05,0,0,1.08E-05,0,0,0,0,0.000183637,0,0,0,4.32E-05,0.004353274,2.16E-05,0,0,6.48E-05,0,0.002851773,0,0,0.000183637,2.16E-05,1.08E-05,0,0,0,0,0,1.08E-05,0,0.000270054,2.16E-05,0,0,0,1.08E-05,2.16E-05,1.08E-05,0,0,0,0,0,0,3.24E-05,0.000140428,0,0,0,0,0,2.16E-05,0,1.08E-05,0,0,1.08E-05,1.08E-05,0,0,0,0,0,0,0,0,0,0,8.64E-05,0,0,0,0,0,0,5.40E-05,3.24E-05,0,0,0.000367274,0,0,0,0,1.08E-05,0,0,2.16E-05,4.32E-05,0,0,0,1.08E-05,0,0,0,1.08E-05,0,0,0.000129626,2.16E-05,0,0,7.56E-05,0,1.08E-05,0,0,0,0,0,0,0,0,0,0,0.000183637,3.24E-05,0,0,0,2018-01,70125
27,0.000433253,0,0,0.000105671,1.06E-05,0.000105671,0,1.06E-05,0,1.06E-05,4.23E-05,1.06E-05,7.40E-05,0,0,2.11E-05,2.11E-05,0,2.11E-05,0,0,0,0,0,0,0.000158507,1.06E-05,0,0,0.00036985,7.40E-05,2.11E-05,0,1.14E-08,2.12E-09,3.35E-10,2.11E-05,0,0,1.06E-05,0,4.23E-05,0.000137373,0,0,0,0,2.11E-05,3.17E-05,0,0,0,1.06E-05,3.17E-05,0,2.11E-05,0,0,0,9.51E-05,0,0,0,4.23E-05,0,0,0,4.23E-05,0,0,0,0,0,0,5.28E-05,0,0,0,2.11E-05,0.000137373,0,0,4.23E-05,0,2.11E-05,0,0,0,0,1.06E-05,1.06E-05,0,0,0,3.17E-05,0,1.06E-05,0,1.06E-05,0,0.000264178,4.23E-05,0,3.17E-05,0,2.11E-05,0,3.17E-05,1.06E-05,1.06E-05,0,0,0,0,0,1.06E-05,0,0,0,0,0,2.11E-05,0,0,1.06E-05,0,0,0,0,0,0,4.23E-05,0,0,0,0,0,0,1.06E-05,0,0,0,0,0,0.000348716,3.17E-05,0,0,0,0,3.17E-05,0,0,1.06E-05,0,0,0,0,0,0,0,1.06E-05,0.000211343,0,0,0,1.06E-05,1.06E-05,0,0,0,1.06E-05,4.23E-05,0,1.06E-05,0,1.06E-05,0,0,0.000126806,0,1.06E-05,0,0,0.000190208,0,0,0,0,2.11E-05,0,0,1.06E-05,0,4.23E-05,0,0,0.000158507,0,1.06E-05,0,6.34E-05,0.003994378,3.17E-05,0,1.06E-05,6.34E-05,0,0.003022202,0,0,0.000190208,1.06E-05,0,0,0,0,0,0,4.23E-05,1.06E-05,0.000200776,0,0,0,0,0,1.06E-05,0,0,0,0,0,0,0,6.34E-05,0.000338148,1.06E-05,0,0,0,0,0,1.06E-05,2.11E-05,0,0,1.06E-05,0,0,0,0,0,0,0,0,0,0,0,6.34E-05,0,0,0,0,0,0,0.000116239,1.06E-05,1.06E-05,0,0.000264178,0,0,0,0,2.11E-05,0,0,0,5.28E-05,1.06E-05,0,0,0,0,0,0,0,0,0,0.000105671,0,0,0,9.51E-05,0,0,0,0,0,0,0,0,0,0,0,0,0.000169074,0,0,0,0,2018-02,69751
28,0.000430427,0,1.08E-05,5.38E-05,4.30E-05,7.53E-05,0,0,1.08E-05,4.30E-05,0,0,9.68E-05,0,0,6.46E-05,4.30E-05,0,1.08E-05,0,0,3.23E-05,0,0,0,0.000172171,2.15E-05,0,0,0.000290538,0.000118367,1.08E-05,1.08E-05,1.20E-08,2.08E-09,3.47E-10,0,0,0,0,1.08E-05,6.46E-05,0.000107607,0,0,0,0,1.08E-05,1.08E-05,0,0,0,1.08E-05,5.38E-05,0,2.15E-05,1.08E-05,0,0,7.53E-05,0,0,0,2.15E-05,0,0,0,4.30E-05,0,0,0,0,0,1.08E-05,6.46E-05,0,0,1.08E-05,2.15E-05,0.000118367,0,1.08E-05,4.30E-05,0,2.15E-05,0,1.08E-05,0,0,0,0,0,1.08E-05,1.08E-05,0,1.08E-05,5.38E-05,0,0,0,0.000247495,4.30E-05,2.15E-05,0,0,0,0,3.23E-05,3.23E-05,1.08E-05,0,0,0,0,0,0,0,0,0,1.08E-05,0,0,2.15E-05,0,0,0,0,0,0,0,0,3.23E-05,0,0,1.08E-05,0,0,0,0,0,1.08E-05,0,0,0,0.000182931,2.15E-05,0,0,2.15E-05,0,0,0,0,0,0,0,0,0,0,0,0,1.08E-05,0.000344342,0,0,0,1.08E-05,0,1.08E-05,0,1.08E-05,2.15E-05,5.38E-05,0,1.08E-05,0,1.08E-05,0,0,9.68E-05,0,0,0,1.08E-05,0.000247495,0,0,0,0,5.38E-05,0,0,0,0,7.53E-05,0,0,0.00016141,0,1.08E-05,0,6.46E-05,0.004035252,1.08E-05,0,0,3.23E-05,0,0.00272245,0,0,0.000150649,0,0,0,0,0,0,0,0,0,0.000301299,0,0,0,0,3.23E-05,1.08E-05,1.08E-05,0,0,0,0,0,0,3.23E-05,0.000182931,0,0,0,0,0,4.30E-05,0,1.08E-05,0,0,1.08E-05,0,0,0,0,0,0,0,2.15E-05,1.08E-05,0,0,5.38E-05,0,0,0,0,0,0,7.53E-05,0,0,0,0.000365863,0,1.08E-05,0,0,2.15E-05,0,1.08E-05,0,4.30E-05,0,0,0,1.08E-05,0,1.08E-05,0,0,0,0,0.000150649,3.23E-05,0,0,7.53E-05,0,0,0,0,1.08E-05,0,0,0,0,0,0,0,9.68E-05,3.23E-05,0,0,0,2018-03,69379
29,0.000433426,1.08E-05,0,9.75E-05,2.17E-05,8.67E-05,2.17E-05,1.08E-05,0,3.25E-05,1.08E-05,1.08E-05,7.58E-05,0,0,2.17E-05,0,0,2.17E-05,1.08E-05,0,0,0,0,0,0.00017337,5.42E-05,0,0,0.000357576,0.000108356,1.08E-05,3.25E-05,1.30E-08,3.64E-09,5.87E-10,1.08E-05,0,0,1.08E-05,2.17E-05,1.08E-05,0.000119192,1.08E-05,0,1.08E-05,0,0,0,1.08E-05,0,0,0,8.67E-05,0,1.08E-05,0,0,0,3.25E-05,0,1.08E-05,0,0,0,0,0,3.25E-05,0,0,0,0,0,0,4.33E-05,0,0,0,0,0.000151699,1.08E-05,0,4.33E-05,0,3.25E-05,0,0,0,0,0,1.08E-05,0,0,0,3.25E-05,0,3.25E-05,0,0,0,0.000314234,3.25E-05,1.08E-05,0,0,1.08E-05,1.08E-05,1.08E-05,2.17E-05,0,0,0,0,1.08E-05,0,2.17E-05,0,0,0,0,1.08E-05,0,1.08E-05,0,0,0,0,0,0,1.08E-05,2.17E-05,8.67E-05,0,0,0,0,0,0,0,1.08E-05,0,0,0,0,0.000390083,4.33E-05,1.08E-05,0,0,0,5.42E-05,0,0,0,0,0,0,0,0,2.17E-05,0,1.08E-05,0.000335905,0,0,0,0,0,1.08E-05,2.17E-05,3.25E-05,1.08E-05,2.17E-05,0,0,2.17E-05,1.08E-05,0,0,0.000140863,0,0,0,0,0.000119192,0,0,0,0,5.42E-05,0,0,0,0,5.42E-05,0,0,0.000216713,0,2.17E-05,0,4.33E-05,0.004301751,6.50E-05,0,0,3.25E-05,0,0.002654733,0,0,0.000195042,1.08E-05,0,0,0,0,0,0,2.17E-05,0,0.000162535,0,0,0,0,2.17E-05,2.17E-05,1.08E-05,1.08E-05,0,0,0,0,0,3.25E-05,0.000260055,0,0,0,0,0,8.67E-05,0,2.17E-05,0,0,2.17E-05,0,0,0,0,0,0,0,1.08E-05,1.08E-05,0,1.08E-05,3.25E-05,0,0,0,0,0,0,5.42E-05,2.17E-05,1.08E-05,0,0.000325069,0,1.08E-05,1.08E-05,0,2.17E-05,0,0,1.08E-05,4.33E-05,1.08E-05,0,1.08E-05,2.17E-05,1.08E-05,0,0,0,0,0,0.000205877,2.17E-05,0,0,7.58E-05,0,1.08E-05,0,0,0,0,0,0,0,0,0,0,0.000184206,4.33E-05,0,0,0,2018-04,69065
30,0.000403432,0,1.09E-05,7.63E-05,1.09E-05,0.000218072,1.09E-05,0,0,3.27E-05,4.36E-05,1.09E-05,6.54E-05,0,0,9.81E-05,4.36E-05,0,3.27E-05,0,0,0,0,0,0,0.000141747,3.27E-05,0,0,0.000392529,8.72E-05,3.27E-05,1.09E-05,1.03E-08,3.69E-09,3.57E-10,0,0,0,2.18E-05,0,2.18E-05,2.18E-05,0,0,0,0,0,1.09E-05,1.09E-05,0,0,0,2.18E-05,0,1.09E-05,0,0,0,3.27E-05,0,0,0,4.36E-05,0,0,0,7.63E-05,0,0,0,0,0,0,1.09E-05,0,0,0,3.27E-05,8.72E-05,0,0,4.36E-05,0,4.36E-05,0,0,1.09E-05,0,2.18E-05,1.09E-05,0,0,0,1.09E-05,0,3.27E-05,0,0,0,0.000316204,4.36E-05,1.09E-05,1.09E-05,0,0,0,2.18E-05,2.18E-05,1.09E-05,0,0,0,3.27E-05,0,2.18E-05,0,0,0,0,0,0,0,0,0,0,0,0,0,0,5.45E-05,2.18E-05,0,0,0,0,0,0,1.09E-05,0,1.09E-05,0,0,1.09E-05,0.000348915,1.09E-05,0,0,1.09E-05,0,8.72E-05,0,0,0,0,0,0,0,0,2.18E-05,0,0,0.000261686,0,1.09E-05,0,0,2.18E-05,0,0,0,0,5.45E-05,0,0,0,1.09E-05,0,0,0.000185361,0,0,0,0,0.000196264,0,0,0,0,3.27E-05,0,0,0,0,2.18E-05,0,0,0.000272589,0,1.09E-05,0,3.27E-05,0.004481371,2.18E-05,0,0,2.18E-05,0,0.002595052,0,0,0.000239879,1.09E-05,1.09E-05,0,0,0,0,0,4.36E-05,0,0.000207168,0,0,0,0,1.09E-05,3.27E-05,0,1.09E-05,0,0,0,0,3.27E-05,5.45E-05,0.000327107,0,0,0,0,0,9.81E-05,0,0,0,0,1.09E-05,2.18E-05,0,0,0,0,0,0,1.09E-05,0,0,0,9.81E-05,0,0,0,0,0,0,6.54E-05,0,0,1.09E-05,0.000294397,0,0,0,0,2.18E-05,0,0,3.27E-05,4.36E-05,2.18E-05,0,0,1.09E-05,2.18E-05,0,0,0,0,0,0.000207168,0,0,1.09E-05,4.36E-05,0,0,0,0,0,0,0,0,0,0,0,1.09E-05,0.000130843,6.54E-05,0,0,0,2018-05,68821
31,0.000408808,0,0,7.73E-05,5.52E-05,5.52E-05,0,1.10E-05,0,0,2.21E-05,0,4.42E-05,0,0,9.94E-05,0,0,2.21E-05,0,0,0,0,0,0,0.000165733,2.21E-05,0,0,0.000397759,4.42E-05,1.10E-05,1.10E-05,1.12E-08,3.91E-09,1.22E-10,0,0,0,1.10E-05,0,3.31E-05,6.63E-05,0,0,0,1.10E-05,3.31E-05,0,0,0,0,1.10E-05,0,0,0,0,0,0,1.10E-05,0,0,0,2.21E-05,0,1.10E-05,0,5.52E-05,0,0,1.10E-05,0,1.10E-05,0,2.21E-05,0,0,0,1.10E-05,0.000143635,0,0,2.21E-05,0,0,0,1.10E-05,1.10E-05,0,1.10E-05,0,0,0,0,3.31E-05,0,5.52E-05,0,0,0,0.000309368,6.63E-05,1.10E-05,1.10E-05,0,0,0,0,1.10E-05,0,0,0,0,0,0,3.31E-05,0,0,0,0,0,0,0,1.10E-05,0,0,0,2.21E-05,0,3.31E-05,0,3.31E-05,0,0,0,0,0,0,0,1.10E-05,0,0,0,0,0.000342515,1.10E-05,0,0,1.10E-05,0,0.000110489,0,0,0,0,0,0,0,0,0,0,1.10E-05,0.000265173,0,0,0,0,0,0,0,1.10E-05,1.10E-05,1.10E-05,0,0,0,0,0,0,0.000209929,0,0,0,0,0.00019888,0,0,0,1.10E-05,5.52E-05,0,0,0,0,3.31E-05,0,0,0.00019888,0,1.10E-05,0,3.31E-05,0.004938845,4.42E-05,0,0,3.31E-05,0,0.002773266,0,1.10E-05,0.00019888,0,0,0,0,0,0,0,1.10E-05,1.10E-05,0.000320417,0,0,1.10E-05,0,1.10E-05,1.10E-05,0,2.21E-05,0,0,0,0,1.10E-05,0.00019888,0.000276222,0,0,0,0,0,2.21E-05,0,2.21E-05,0,1.10E-05,1.10E-05,0,0,0,0,1.10E-05,0,0,0,1.10E-05,0,0,9.94E-05,0,0,0,0,0,1.10E-05,8.84E-05,0,0,0,0.000309368,0,0,1.10E-05,0,2.21E-05,0,1.10E-05,2.21E-05,6.63E-05,1.10E-05,0,0,0,1.10E-05,0,0,0,0,0,0.000154684,3.31E-05,0,0,6.63E-05,0,0,0,0,0,0,0,0,0,0,1.10E-05,0,0.000121538,3.31E-05,0,0,0,2018-06,68760
32,0.000245161,2.13E-05,0,0.000191865,4.26E-05,0.000149228,0,1.07E-05,0,1.07E-05,2.13E-05,0,0.000117251,0,0,3.20E-05,2.13E-05,0,4.26E-05,0,0,0,0,0,0,0.000191865,3.20E-05,0,0,0.000394389,0.000117251,5.33E-05,3.20E-05,1.14E-08,3.41E-09,5.68E-10,1.07E-05,0,0,1.07E-05,2.13E-05,5.33E-05,9.59E-05,0,0,0,0,1.07E-05,1.07E-05,0,0,0,0,3.20E-05,0,3.20E-05,0,1.07E-05,0,2.13E-05,0,0,0,1.07E-05,0,0,0,2.13E-05,0,0,0,0,0,0,2.13E-05,0,0,0,1.07E-05,0.00012791,0,0,3.20E-05,0,1.07E-05,0,0,0,0,1.07E-05,0,0,0,0,3.20E-05,1.07E-05,3.20E-05,0,0,0,0.000287797,3.20E-05,0,0,0,0,0,3.20E-05,0,1.07E-05,0,0,0,0,0,2.13E-05,0,0,0,1.07E-05,0,0,2.13E-05,1.07E-05,0,0,0,0,0,1.07E-05,1.07E-05,2.13E-05,0,0,0,0,0,0,0,0,3.20E-05,0,0,0,0.000287797,1.07E-05,0,0,0,0,8.53E-05,0,0,0,0,0,1.07E-05,0,0,0,0,1.07E-05,0.000191865,0,0,1.07E-05,0,0,0,0,0,0,6.40E-05,0,0,1.07E-05,0,0,0,0.000170547,1.07E-05,0,0,0,0.000138569,0,0,0,0,5.33E-05,0,0,0,0,4.26E-05,0,0,0.000149228,0,0,0,3.20E-05,0.004157073,2.13E-05,1.07E-05,0,2.13E-05,0,0.002771382,0,0,0.000266479,0,0,0,0,0,0,0,3.20E-05,0,0.000266479,0,0,0,0,1.07E-05,2.13E-05,0,1.07E-05,0,0,0,0,1.07E-05,4.26E-05,0.000245161,0,0,0,0,0,1.07E-05,0,2.13E-05,0,0,2.13E-05,1.07E-05,0,0,0,1.07E-05,0,0,1.07E-05,1.07E-05,0,1.07E-05,0.000170547,0,0,0,0,0,0,2.13E-05,4.26E-05,0,1.07E-05,0.000266479,0,1.07E-05,1.07E-05,0,2.13E-05,0,0,1.07E-05,5.33E-05,1.07E-05,0,0,0,1.07E-05,0,0,0,0,0,9.59E-05,2.13E-05,0,1.07E-05,5.33E-05,0,0,0,0,0,0,0,0,0,0,2.13E-05,0,0.000106592,3.20E-05,0,0,0,2018-07,68782
33,0.000371227,2.12E-05,1.06E-05,0.000137884,2.12E-05,8.49E-05,0,3.18E-05,0,3.18E-05,1.06E-05,0,6.36E-05,0,0,5.30E-05,3.18E-05,0,0,0,0,0,0,0,0,0.000116671,2.12E-05,0,0,0.000445472,7.42E-05,2.12E-05,1.06E-05,1.03E-08,2.59E-09,1.12E-10,0,0,1.06E-05,0,0,2.12E-05,4.24E-05,1.06E-05,0,0,0,1.06E-05,0,0,0,0,0,5.30E-05,0,1.06E-05,0,1.06E-05,0,0,0,0,1.06E-05,2.12E-05,0,0,0,2.12E-05,0,0,0,0,0,0,2.12E-05,0,0,0,1.06E-05,0.00021213,0,0,2.12E-05,0,1.06E-05,0,0,0,0,0,0,0,0,1.06E-05,1.06E-05,0,5.30E-05,0,0,0,0.000222736,1.06E-05,3.18E-05,1.06E-05,0,1.06E-05,0,1.06E-05,1.06E-05,2.12E-05,0,0,0,0,0,0,0,0,0,2.12E-05,0,0,0,0,0,0,0,0,0,0,2.12E-05,2.12E-05,0,0,0,0,0,0,0,0,0,0,0,0,0.000254555,2.12E-05,0,0,0,0,4.24E-05,0,0,0,0,0,0,0,1.06E-05,0,0,0,0.000296981,0,0,0,1.06E-05,1.06E-05,0,0,0,0,6.36E-05,0,0,1.06E-05,2.12E-05,0,0,0.000201523,0,0,0,0,0.000201523,0,0,0,0,3.18E-05,1.06E-05,0,0,0,3.18E-05,0,1.06E-05,0.000233343,1.06E-05,1.06E-05,0,3.18E-05,0.004210772,3.18E-05,0,0,3.18E-05,0,0.002778897,0,2.12E-05,0.000296981,3.18E-05,0,0,0,1.06E-05,0,0,5.30E-05,0,0.000286375,0,0,0,1.06E-05,1.06E-05,1.06E-05,1.06E-05,1.06E-05,0,1.06E-05,0,1.06E-05,0,5.30E-05,0.000318194,0,0,0,0,0,3.18E-05,0,3.18E-05,0,0,0,0,0,0,0,0,0,0,0,0,0,1.06E-05,0.000106065,0,0,0,0,0,0,3.18E-05,1.06E-05,1.06E-05,0,0.000350014,0,0,0,0,1.06E-05,0,0,0,4.24E-05,1.06E-05,0,0,1.06E-05,2.12E-05,1.06E-05,0,0,0,0,5.30E-05,2.12E-05,0,0,8.49E-05,0,0,0,0,0,0,0,0,0,0,0,0,0.000127278,9.55E-05,0,0,0,2018-08,68779
34,0.000462073,0,0,0.00012602,2.10E-05,6.30E-05,0,2.10E-05,0,1.05E-05,1.05E-05,0,3.15E-05,0,0,1.05E-05,3.15E-05,0,0,0,1.05E-05,0,0,0,1.05E-05,8.40E-05,2.10E-05,0,0,0.000294047,6.30E-05,2.10E-05,1.05E-05,9.04E-09,3.42E-09,9.93E-10,2.10E-05,0,0,2.10E-05,1.05E-05,2.10E-05,9.45E-05,1.05E-05,0,0,1.05E-05,1.05E-05,3.15E-05,0,0,0,1.05E-05,6.30E-05,0,1.05E-05,0,0,0,4.20E-05,0,0,1.05E-05,1.05E-05,0,0,0,4.20E-05,0,0,0,0,0,0,1.05E-05,0,0,0,0,0.000178528,0,0,2.10E-05,0,1.05E-05,0,0,0,0,0,0,1.05E-05,0,0,3.15E-05,1.05E-05,6.30E-05,0,0,0,0.000231037,7.35E-05,2.10E-05,0,1.05E-05,0,0,1.05E-05,3.15E-05,0,0,0,0,0,0,0,0,0,0,1.05E-05,0,0,0,1.05E-05,0,0,0,1.05E-05,0,0,2.10E-05,4.20E-05,0,0,0,0,0,0,1.05E-05,0,1.05E-05,0,0,0,0.00031505,1.05E-05,0,0,0,0,3.15E-05,0,0,0,0,0,0,0,0,0,0,1.05E-05,0.000210033,0,1.05E-05,0,0,0,0,0,2.10E-05,1.05E-05,5.25E-05,0,0,0,6.30E-05,0,0,0.000147023,0,0,0,0,0.000241538,0,0,1.05E-05,0,1.05E-05,0,0,1.05E-05,0,4.20E-05,0,0,0.000199532,0,1.05E-05,0,3.15E-05,0.003959128,1.05E-05,0,0,3.15E-05,0,0.002730433,0,1.05E-05,0.000241538,1.05E-05,0,0,0,0,0,0,7.35E-05,0,0.000325552,0,0,0,1.05E-05,3.15E-05,6.30E-05,0,0,0,1.05E-05,0,0,2.10E-05,4.20E-05,0.000273043,0,0,0,0,0,2.10E-05,0,2.10E-05,0,1.05E-05,2.10E-05,0,0,0,0,0,0,0,1.05E-05,0,0,0,6.30E-05,0,0,0,0,0,0,0.000136522,2.10E-05,0,0,0.000210033,0,0,0,0,3.15E-05,0,0,1.05E-05,8.40E-05,2.10E-05,0,0,0,2.10E-05,0,0,0,0,0,0.00012602,4.20E-05,0,0,6.30E-05,0,0,0,0,0,0,0,0,0,0,0,1.05E-05,0.000115518,4.20E-05,0,0,0,2018-09,68512
35,0.00042376,0,1.06E-05,0.00010594,3.18E-05,3.18E-05,0,1.06E-05,0,1.06E-05,1.06E-05,0,4.24E-05,0,0,5.30E-05,2.12E-05,0,5.30E-05,0,0,0,0,0,0,0.000137722,0,0,0,0.000434354,9.53E-05,2.12E-05,2.12E-05,1.10E-08,4.60E-09,7.86E-10,2.12E-05,0,0,1.06E-05,0,9.53E-05,0.00010594,0,0,0,1.06E-05,0,1.06E-05,0,0,0,2.12E-05,3.18E-05,0,2.12E-05,0,1.06E-05,0,2.12E-05,0,0,0,2.12E-05,0,0,0,3.18E-05,0,0,0,0,1.06E-05,0,2.12E-05,0,0,0,0,0.000233068,1.06E-05,0,2.12E-05,0,2.12E-05,0,0,0,0,0,0,0,0,2.12E-05,2.12E-05,1.06E-05,5.30E-05,0,0,0,0.000360196,7.42E-05,1.06E-05,0,0,1.06E-05,0,1.06E-05,0,2.12E-05,0,0,0,1.06E-05,0,2.12E-05,0,0,0,0,0,0,0,0,1.06E-05,0,0,0,0,1.06E-05,1.06E-05,3.18E-05,0,0,0,0,0,0,0,0,0,0,1.06E-05,0,0.000328414,6.36E-05,0,0,1.06E-05,0,7.42E-05,0,0,0,0,0,0,0,2.12E-05,0,1.06E-05,1.06E-05,0.000180098,0,1.06E-05,0,0,1.06E-05,1.06E-05,0,0,0,3.18E-05,0,0,0,0.000127128,1.06E-05,0,0.000137722,0,0,0,0,0.000148316,0,0,0,0,3.18E-05,0,0,1.06E-05,0,5.30E-05,0,0,0.000222474,0,0,0,3.18E-05,0.00415285,3.18E-05,0,1.06E-05,4.24E-05,0,0.002595531,0,0,0.000339008,0,1.06E-05,0,0,0,0,0,5.30E-05,0,0.000275444,1.06E-05,0,0,1.06E-05,1.06E-05,2.12E-05,1.06E-05,5.30E-05,0,0,2.12E-05,1.06E-05,1.06E-05,3.18E-05,0.00037079,0,0,1.06E-05,0,0,4.24E-05,1.06E-05,1.06E-05,0,0,2.12E-05,0,0,0,0,0,0,0,1.06E-05,0,0,0,5.30E-05,0,0,0,0,0,0,7.42E-05,0,0,0,0.000180098,0,0,0,0,5.30E-05,0,0,2.12E-05,8.48E-05,0,0,1.06E-05,1.06E-05,0,1.06E-05,0,0,0,0,9.53E-05,0,0,1.06E-05,0.00010594,1.06E-05,0,0,0,0,0,0,0,0,0,0,0,0.000190692,0,0,0,0,2018-10,68533
36,0.000383587,0,0,5.33E-05,3.20E-05,0.000138517,0,1.07E-05,1.07E-05,0,1.07E-05,0,5.33E-05,0,0,1.07E-05,2.13E-05,0,0,0,0,0,0,0,0,0.000191793,1.07E-05,0,0,0.000319656,7.46E-05,0,1.07E-05,1.03E-08,3.29E-09,4.54E-10,0,0,0,1.07E-05,2.13E-05,3.20E-05,7.46E-05,0,0,0,0,1.07E-05,0,0,2.13E-05,0,0,5.33E-05,0,1.07E-05,0,0,0,4.26E-05,0,0,0,3.20E-05,0,0,0,3.20E-05,0,0,0,0,0,0,2.13E-05,0,0,0,0,0.000255724,0,0,4.26E-05,0,3.20E-05,1.07E-05,0,0,0,2.13E-05,0,0,0,0,3.20E-05,0,6.39E-05,0,0,0,0.00028769,4.26E-05,0,1.07E-05,0,0,0,2.13E-05,0,1.07E-05,0,0,0,0,0,2.13E-05,1.07E-05,0,0,0,1.07E-05,0,0,0,1.07E-05,0,0,0,0,0,1.07E-05,1.07E-05,0,0,0,0,0,0,1.07E-05,0,2.13E-05,0,0,0,0.00028769,4.26E-05,0,0,0,0,3.20E-05,1.07E-05,0,0,0,0,0,0,0,0,1.07E-05,1.07E-05,0.000117207,0,1.07E-05,0,2.13E-05,0,0,0,0,2.13E-05,4.26E-05,0,0,2.13E-05,0,0,0,0.000117207,0,0,0,0,0.000181138,0,0,0,0,3.20E-05,1.07E-05,0,2.13E-05,0,2.13E-05,0,0,0.00026638,0,0,0,3.20E-05,0.00425142,1.07E-05,1.07E-05,0,5.33E-05,0,0.002653142,0,1.07E-05,0.000277035,0,0,0,0,1.07E-05,0,0,4.26E-05,0,0.000202449,0,0,0,0,0,3.20E-05,0,1.07E-05,0,0,0,0,1.07E-05,1.07E-05,0.00028769,0,0,0,0,0,1.07E-05,0,1.07E-05,0,0,2.13E-05,0,0,0,0,0,0,0,0,0,0,0,9.59E-05,0,0,0,0,0,0,3.20E-05,0,0,0,0.000351621,0,1.07E-05,1.07E-05,0,2.13E-05,0,0,0,0.000117207,0,0,0,0,1.07E-05,1.07E-05,0,0,0,0,0.000117207,0,0,0,6.39E-05,0,0,0,0,0,0,0,0,0,0,0,1.07E-05,0.000117207,2.13E-05,0,0,0,2018-11,68285
37,0.000374383,1.10E-05,1.10E-05,6.61E-05,1.10E-05,0,0,2.20E-05,1.10E-05,3.30E-05,2.20E-05,0,6.61E-05,0,0,3.30E-05,3.30E-05,0,3.30E-05,0,0,3.30E-05,0,1.10E-05,0,7.71E-05,2.20E-05,0,0,0.000352361,9.91E-05,1.10E-05,1.10E-05,1.05E-08,4.12E-09,3.64E-10,1.10E-05,0,1.10E-05,0,1.10E-05,7.71E-05,5.51E-05,0,0,0,0,1.10E-05,0,0,0,0,0,2.20E-05,0,0,0,0,0,1.10E-05,0,0,0,2.20E-05,0,0,0,8.81E-05,0,0,0,0,0,1.10E-05,1.10E-05,0,0,1.10E-05,1.10E-05,9.91E-05,1.10E-05,0,5.51E-05,0,3.30E-05,0,0,0,0,1.10E-05,0,0,0,0,2.20E-05,0,5.51E-05,0,0,0,0.000319327,7.71E-05,0,2.20E-05,0,0,0,1.10E-05,1.10E-05,1.10E-05,0,0,0,0,0,0,0,0,0,0,0,0,1.10E-05,0,0,0,0,1.10E-05,0,0,1.10E-05,6.61E-05,0,0,0,0,0,0,0,0,2.20E-05,0,0,0,0.000308316,2.20E-05,0,0,0,0,0.000110113,0,0,0,0,0,0,0,1.10E-05,0,0,3.30E-05,0.000198203,0,0,0,0,0,1.10E-05,1.10E-05,2.20E-05,1.10E-05,3.30E-05,0,0,0,1.10E-05,0,2.20E-05,0.00017618,0,0,0,0,0.000121124,0,0,0,0,5.51E-05,0,0,1.10E-05,0,0.000110113,0,0,0.000220226,0,0,0,6.61E-05,0.004360465,4.40E-05,0,0,4.40E-05,0,0.002752819,0,0,0.000275282,0.000407417,1.10E-05,0,0,2.20E-05,0,0,4.40E-05,0,0.000198203,0,0,0,1.10E-05,3.30E-05,3.30E-05,0,2.20E-05,0,0,3.30E-05,0,1.10E-05,3.30E-05,0.000231237,0,0,0,0,0,5.51E-05,0,3.30E-05,0,0,2.20E-05,0,0,0,0,0,0,0,1.10E-05,2.20E-05,0,0,8.81E-05,0,0,0,0,0,0,6.61E-05,0,0,0,0.000330338,0,1.10E-05,0,0,3.30E-05,0,0,2.20E-05,0.000110113,0,1.10E-05,0,1.10E-05,1.10E-05,2.20E-05,0,0,0,0,9.91E-05,1.10E-05,0,0,8.81E-05,0,0,0,0,0,0,0,0,0,0,0,0,0.000121124,4.40E-05,0,0,0,2018-12,68078
38,0.000292037,3.24E-05,0,6.49E-05,1.08E-05,7.57E-05,0,1.08E-05,1.08E-05,0,0,1.08E-05,0.000118978,1.08E-05,0,4.33E-05,3.24E-05,0,2.16E-05,0,0,0,0,0,0,0.000270405,1.08E-05,0,0,0.00045428,5.41E-05,0,1.08E-05,1.05E-08,2.81E-09,2.34E-10,0,0,0,0,1.08E-05,2.16E-05,9.73E-05,0,0,0,0,1.08E-05,1.08E-05,0,0,0,0,0.000108162,0,2.16E-05,0,0,0,2.16E-05,0,0,0,1.08E-05,0,0,0,5.41E-05,0,0,0,0,0,0,0,0,0,0,0,0.00014061,0,0,9.73E-05,0,2.16E-05,0,0,0,0,1.08E-05,0,0,0,0,4.33E-05,0,4.33E-05,0,0,1.08E-05,0.000216324,2.16E-05,1.08E-05,0,0,0,0,4.33E-05,2.16E-05,0,1.08E-05,0,0,0,0,3.24E-05,0,0,0,0,0,1.08E-05,0,1.08E-05,0,0,0,1.08E-05,0,3.24E-05,0,3.24E-05,0,0,1.08E-05,0,0,0,0,0,1.08E-05,0,0,0,0.000281221,1.08E-05,0,0,1.08E-05,0,0.000108162,1.08E-05,0,0,0,0,0,0,1.08E-05,1.08E-05,1.08E-05,1.08E-05,0.000259589,0,0,0,1.08E-05,0,0,0,0,0,5.41E-05,0,1.08E-05,1.08E-05,3.24E-05,0,1.08E-05,0.000151427,0,0,0,0,0.000108162,0,0,0,1.08E-05,5.41E-05,0,0,0,0,4.33E-05,0,0,0.000194691,0,0,0,2.16E-05,0.004878102,1.08E-05,0,2.16E-05,2.16E-05,0,0.002422826,0,0,0.000237956,0,0,0,0,0,0,0,2.16E-05,0,0.000551626,0,0,0,2.16E-05,0,5.41E-05,2.16E-05,1.08E-05,0,0,0,0,3.24E-05,3.24E-05,0.000237956,0,0,0,0,0,5.41E-05,0,2.16E-05,0,0,1.08E-05,0,1.08E-05,0,0,0,0,0,1.08E-05,0,0,0,6.49E-05,0,0,0,0,0,0,5.41E-05,3.24E-05,0,0,0.00022714,1.08E-05,0,0,0,2.16E-05,0,1.08E-05,0,2.16E-05,2.16E-05,0,0,1.08E-05,1.08E-05,1.08E-05,0,0,0,0,0.000118978,2.16E-05,0,0,5.41E-05,0,3.24E-05,0,0,0,0,0,0,0,0,1.08E-05,0,0.00014061,1.08E-05,0,0,0,2019-01,67703
39,0.000446106,1.06E-05,0,4.25E-05,2.12E-05,1.06E-05,1.06E-05,2.12E-05,0,0,0,0,0.000116837,0,0,4.25E-05,1.06E-05,1.06E-05,1.06E-05,0,0,0,0,0,0,0.000191188,0,0,0,0.000350512,6.37E-05,2.12E-05,1.06E-05,8.80E-09,2.37E-09,6.77E-10,1.06E-05,0,1.06E-05,2.12E-05,0,2.12E-05,9.56E-05,2.12E-05,0,1.06E-05,0,1.06E-05,0,0,0,0,0,6.37E-05,0,3.19E-05,0,0,0,6.37E-05,0,1.06E-05,0,1.06E-05,0,0,0,4.25E-05,0,0,0,0,0,1.06E-05,2.12E-05,0,0,1.06E-05,0,0.000116837,0,0,3.19E-05,0,3.19E-05,1.06E-05,0,0,0,0,1.06E-05,0,1.06E-05,0,2.12E-05,0,5.31E-05,0,1.06E-05,0,0.000318647,3.19E-05,2.12E-05,1.06E-05,0,1.06E-05,0,1.06E-05,2.12E-05,0,0,0,0,0,0,2.12E-05,0,0,1.06E-05,0,0,0,0,3.19E-05,0,0,0,0,0,4.25E-05,1.06E-05,3.19E-05,0,0,0,0,0,0,1.06E-05,0,1.06E-05,0,0,0,0.000297404,2.12E-05,0,0,0,0,6.37E-05,0,0,0,0,0,0,2.12E-05,0,0,1.06E-05,2.12E-05,0.000254918,0,0,0,0,0,0,0,1.06E-05,0,1.06E-05,0,0,0,3.19E-05,0,0,0.000180567,0,0,0,0,5.31E-05,0,0,0,0,4.25E-05,0,0,0,0,3.19E-05,0,0,0.000308026,0,1.06E-05,0,0,0.00499214,4.25E-05,0,0,0,0,0.002729745,0,0,0.000191188,2.12E-05,1.06E-05,1.06E-05,0,0,0,0,2.12E-05,1.06E-05,0.00040362,0,0,0,0,0,2.12E-05,0,1.06E-05,0,0,0,0,0,1.06E-05,0.000308026,0,0,0,0,0,2.12E-05,0,2.12E-05,0,0,1.06E-05,0,0,0,0,0,0,0,0,0,0,0,8.50E-05,0,0,0,0,0,0,5.31E-05,1.06E-05,1.06E-05,0,0.000371755,0,0,0,0,1.06E-05,0,0,0,6.37E-05,2.12E-05,0,0,0,0,0,0,0,0,0,0.00013808,2.12E-05,0,0,6.37E-05,0,0,0,0,0,0,0,0,0,0,0,0,0.000180567,3.19E-05,0,0,0,2019-02,67433
40,0.000283372,0,1.05E-05,5.25E-05,3.15E-05,2.10E-05,1.05E-05,1.05E-05,1.05E-05,2.10E-05,1.05E-05,0,8.40E-05,0,1.05E-05,5.25E-05,2.10E-05,0,0,0,0,1.05E-05,0,1.05E-05,0,0.000136439,1.05E-05,0,0,0.000230896,4.20E-05,1.05E-05,1.05E-05,9.58E-09,2.86E-09,1.10E-10,2.10E-05,0,0,0,2.10E-05,3.15E-05,5.25E-05,0,0,0,0,2.10E-05,0,0,0,0,0,3.15E-05,0,1.05E-05,0,0,0,1.05E-05,0,0,0,2.10E-05,0,0,0,3.15E-05,0,0,0,0,0,0,0,0,0,0,0,0.000157429,0,0,4.20E-05,0,4.20E-05,0,0,0,0,0,0,1.05E-05,0,0,2.10E-05,1.05E-05,5.25E-05,0,0,0,0.000283372,4.20E-05,1.05E-05,0,0,0,0,1.05E-05,0,1.05E-05,0,0,0,1.05E-05,0,1.05E-05,0,0,0,0,0,0,0,1.05E-05,0,0,0,0,0,2.10E-05,0,2.10E-05,0,0,0,0,0,0,0,1.05E-05,1.05E-05,0,0,0,0.000251887,5.25E-05,0,0,0,0,8.40E-05,0,0,0,0,0,0,0,1.05E-05,2.10E-05,0,3.15E-05,0.000220401,0,0,0,0,1.05E-05,0,2.10E-05,1.05E-05,3.15E-05,0,0,0,3.15E-05,6.30E-05,0,2.10E-05,0.000188915,0,0,0,0,4.20E-05,0,0,0,0,0,0,0,0,0,4.20E-05,0,0,0.000188915,0,0,0,2.10E-05,0.005174169,3.15E-05,0,0,1.05E-05,0,0.002392922,0,0,0.000146934,0,1.05E-05,0,0,0,0,0,3.15E-05,0,0.000419811,0,0,0,0,1.05E-05,2.10E-05,1.05E-05,0,0,0,2.10E-05,0,0,4.20E-05,0.000304363,0,0,0,0,0,2.10E-05,0,3.15E-05,0,0,0,0,0,0,0,0,0,0,1.05E-05,1.05E-05,0,0,5.25E-05,0,0,0,0,0,0,4.20E-05,3.15E-05,0,0,0.000314858,0,0,1.05E-05,0,2.10E-05,0,2.10E-05,0,7.35E-05,0,0,0,0,2.10E-05,1.05E-05,0,0,0,0,9.45E-05,1.05E-05,0,2.10E-05,3.15E-05,0,1.05E-05,0,0,0,0,0,0,0,0,0,1.05E-05,0.000136439,3.15E-05,0,0,0,2019-03,67242
